,commodity,sub_commodity,location,stat,unit,frequency,year,period,value
3060,CORN,SILAGE,AL,PRODUCTION,TONS,ANNUAL,2000,YEAR,225000
3061,CORN,SILAGE,AL,PRODUCTION,TONS,ANNUAL,2001,YEAR,325000
3062,CORN,SILAGE,AL,PRODUCTION,TONS,ANNUAL,2002,YEAR,180000
3063,CORN,SILAGE,AL,PRODUCTION,TONS,ANNUAL,2003,YEAR,240000
3064,CORN,SILAGE,AL,PRODUCTION,TONS,ANNUAL,2004,YEAR,170000
3065,CORN,SILAGE,AL,PRODUCTION,TONS,ANNUAL,2005,YEAR,240000
3066,CORN,SILAGE,AL,PRODUCTION,TONS,ANNUAL,2006,YEAR,80000
3067,CORN,SILAGE,AL,PRODUCTION,TONS,ANNUAL,2007,YEAR,80000
3068,CORN,SILAGE,AL,PRODUCTION,TONS,ANNUAL,2008,YEAR,150000
3069,CORN,SILAGE,AL,PRODUCTION,TONS,ANNUAL,2009,YEAR,117000
3070,CORN,SILAGE,AL,PRODUCTION,TONS,ANNUAL,2010,YEAR,135000
3071,CORN,SILAGE,AL,PRODUCTION,TONS,ANNUAL,2011,YEAR,45000
3072,CORN,SILAGE,AL,PRODUCTION,TONS,ANNUAL,2012,YEAR,84000
3073,CORN,SILAGE,AL,PRODUCTION,TONS,ANNUAL,2013,YEAR,153000
3074,CORN,SILAGE,AL,PRODUCTION,TONS,ANNUAL,2014,YEAR,153000
3075,CORN,SILAGE,AL,PRODUCTION,TONS,ANNUAL,2015,YEAR,135000
3076,CORN,SILAGE,AL,PRODUCTION,TONS,ANNUAL,2016,YEAR,112000
3077,CORN,SILAGE,AL,PRODUCTION,TONS,ANNUAL,2017,YEAR,119000
3078,CORN,SILAGE,AL,PRODUCTION,TONS,ANNUAL,2018,YEAR,80000
3079,CORN,SILAGE,AL,PRODUCTION,TONS,ANNUAL,2019,YEAR,91000
3080,CORN,SILAGE,AR,PRODUCTION,TONS,ANNUAL,2000,YEAR,48000
3081,CORN,SILAGE,AR,PRODUCTION,TONS,ANNUAL,2001,YEAR,36000
3082,CORN,SILAGE,AR,PRODUCTION,TONS,ANNUAL,2002,YEAR,70000
3083,CORN,SILAGE,AR,PRODUCTION,TONS,ANNUAL,2003,YEAR,120000
3084,CORN,SILAGE,AR,PRODUCTION,TONS,ANNUAL,2004,YEAR,85000
3085,CORN,SILAGE,AR,PRODUCTION,TONS,ANNUAL,2005,YEAR,60000
3086,CORN,SILAGE,AR,PRODUCTION,TONS,ANNUAL,2006,YEAR,48000
3087,CORN,SILAGE,AR,PRODUCTION,TONS,ANNUAL,2007,YEAR,60000
3088,CORN,SILAGE,AR,PRODUCTION,TONS,ANNUAL,2008,YEAR,56000
3089,CORN,SILAGE,AR,PRODUCTION,TONS,ANNUAL,2009,YEAR,45000
3090,CORN,SILAGE,AR,PRODUCTION,TONS,ANNUAL,2010,YEAR,84000
3091,CORN,SILAGE,AR,PRODUCTION,TONS,ANNUAL,2011,YEAR,24000
3092,CORN,SILAGE,AR,PRODUCTION,TONS,ANNUAL,2012,YEAR,21000
3093,CORN,SILAGE,AR,PRODUCTION,TONS,ANNUAL,2013,YEAR,36000
3094,CORN,SILAGE,AR,PRODUCTION,TONS,ANNUAL,2014,YEAR,36000
3095,CORN,SILAGE,AR,PRODUCTION,TONS,ANNUAL,2015,YEAR,30000
3096,CORN,SILAGE,AR,PRODUCTION,TONS,ANNUAL,2016,YEAR,30000
3097,CORN,SILAGE,AR,PRODUCTION,TONS,ANNUAL,2017,YEAR,38000
3098,CORN,SILAGE,AR,PRODUCTION,TONS,ANNUAL,2018,YEAR,63000
3099,CORN,SILAGE,AR,PRODUCTION,TONS,ANNUAL,2019,YEAR,112000
3100,CORN,SILAGE,AZ,PRODUCTION,TONS,ANNUAL,2000,YEAR,550000
3101,CORN,SILAGE,AZ,PRODUCTION,TONS,ANNUAL,2001,YEAR,702000
3102,CORN,SILAGE,AZ,PRODUCTION,TONS,ANNUAL,2002,YEAR,775000
3103,CORN,SILAGE,AZ,PRODUCTION,TONS,ANNUAL,2003,YEAR,672000
3104,CORN,SILAGE,AZ,PRODUCTION,TONS,ANNUAL,2004,YEAR,675000
3105,CORN,SILAGE,AZ,PRODUCTION,TONS,ANNUAL,2005,YEAR,729000
3106,CORN,SILAGE,AZ,PRODUCTION,TONS,ANNUAL,2006,YEAR,806000
3107,CORN,SILAGE,AZ,PRODUCTION,TONS,ANNUAL,2007,YEAR,891000
3108,CORN,SILAGE,AZ,PRODUCTION,TONS,ANNUAL,2008,YEAR,1050000
3109,CORN,SILAGE,AZ,PRODUCTION,TONS,ANNUAL,2009,YEAR,870000
3110,CORN,SILAGE,AZ,PRODUCTION,TONS,ANNUAL,2010,YEAR,598000
3111,CORN,SILAGE,AZ,PRODUCTION,TONS,ANNUAL,2011,YEAR,750000
3112,CORN,SILAGE,AZ,PRODUCTION,TONS,ANNUAL,2012,YEAR,1064000
3113,CORN,SILAGE,AZ,PRODUCTION,TONS,ANNUAL,2013,YEAR,990000
3114,CORN,SILAGE,AZ,PRODUCTION,TONS,ANNUAL,2014,YEAR,1334000
3115,CORN,SILAGE,AZ,PRODUCTION,TONS,ANNUAL,2015,YEAR,1178000
3116,CORN,SILAGE,AZ,PRODUCTION,TONS,ANNUAL,2016,YEAR,1320000
3117,CORN,SILAGE,AZ,PRODUCTION,TONS,ANNUAL,2017,YEAR,992000
3118,CORN,SILAGE,AZ,PRODUCTION,TONS,ANNUAL,2018,YEAR,1682000
3119,CORN,SILAGE,AZ,PRODUCTION,TONS,ANNUAL,2019,YEAR,1450000
3120,CORN,SILAGE,CA,PRODUCTION,TONS,ANNUAL,2000,YEAR,8580000
3121,CORN,SILAGE,CA,PRODUCTION,TONS,ANNUAL,2001,YEAR,8190000
3122,CORN,SILAGE,CA,PRODUCTION,TONS,ANNUAL,2002,YEAR,10140000
3123,CORN,SILAGE,CA,PRODUCTION,TONS,ANNUAL,2003,YEAR,10010000
3124,CORN,SILAGE,CA,PRODUCTION,TONS,ANNUAL,2004,YEAR,10010000
3125,CORN,SILAGE,CA,PRODUCTION,TONS,ANNUAL,2005,YEAR,11050000
3126,CORN,SILAGE,CA,PRODUCTION,TONS,ANNUAL,2006,YEAR,10935000
3127,CORN,SILAGE,CA,PRODUCTION,TONS,ANNUAL,2007,YEAR,12058000
3128,CORN,SILAGE,CA,PRODUCTION,TONS,ANNUAL,2008,YEAR,13118000
3129,CORN,SILAGE,CA,PRODUCTION,TONS,ANNUAL,2009,YEAR,10010000
3130,CORN,SILAGE,CA,PRODUCTION,TONS,ANNUAL,2010,YEAR,11263000
3131,CORN,SILAGE,CA,PRODUCTION,TONS,ANNUAL,2011,YEAR,12350000
3132,CORN,SILAGE,CA,PRODUCTION,TONS,ANNUAL,2012,YEAR,12058000
3133,CORN,SILAGE,CA,PRODUCTION,TONS,ANNUAL,2013,YEAR,10998000
3134,CORN,SILAGE,CA,PRODUCTION,TONS,ANNUAL,2014,YEAR,10920000
3135,CORN,SILAGE,CA,PRODUCTION,TONS,ANNUAL,2015,YEAR,9563000
3136,CORN,SILAGE,CA,PRODUCTION,TONS,ANNUAL,2016,YEAR,8348000
3137,CORN,SILAGE,CA,PRODUCTION,TONS,ANNUAL,2017,YEAR,9143000
3138,CORN,SILAGE,CA,PRODUCTION,TONS,ANNUAL,2018,YEAR,9900000
3139,CORN,SILAGE,CA,PRODUCTION,TONS,ANNUAL,2019,YEAR,11205000
3140,CORN,SILAGE,CO,PRODUCTION,TONS,ANNUAL,2000,YEAR,2420000
3141,CORN,SILAGE,CO,PRODUCTION,TONS,ANNUAL,2000,YEAR,2420000
3142,CORN,SILAGE,CO,PRODUCTION,TONS,ANNUAL,2001,YEAR,2645000
3143,CORN,SILAGE,CO,PRODUCTION,TONS,ANNUAL,2001,YEAR,2615000
3144,CORN,SILAGE,CO,PRODUCTION,TONS,ANNUAL,2001,YEAR,30000
3145,CORN,SILAGE,CO,PRODUCTION,TONS,ANNUAL,2002,YEAR,2700000
3146,CORN,SILAGE,CO,PRODUCTION,TONS,ANNUAL,2002,YEAR,2550000
3147,CORN,SILAGE,CO,PRODUCTION,TONS,ANNUAL,2002,YEAR,150000
3148,CORN,SILAGE,CO,PRODUCTION,TONS,ANNUAL,2003,YEAR,1890000
3149,CORN,SILAGE,CO,PRODUCTION,TONS,ANNUAL,2003,YEAR,1810000
3150,CORN,SILAGE,CO,PRODUCTION,TONS,ANNUAL,2003,YEAR,80000
3151,CORN,SILAGE,CO,PRODUCTION,TONS,ANNUAL,2004,YEAR,2475000
3152,CORN,SILAGE,CO,PRODUCTION,TONS,ANNUAL,2004,YEAR,2405000
3153,CORN,SILAGE,CO,PRODUCTION,TONS,ANNUAL,2004,YEAR,70000
3154,CORN,SILAGE,CO,PRODUCTION,TONS,ANNUAL,2005,YEAR,2530000
3155,CORN,SILAGE,CO,PRODUCTION,TONS,ANNUAL,2005,YEAR,2450000
3156,CORN,SILAGE,CO,PRODUCTION,TONS,ANNUAL,2005,YEAR,80000
3157,CORN,SILAGE,CO,PRODUCTION,TONS,ANNUAL,2006,YEAR,1845000
3158,CORN,SILAGE,CO,PRODUCTION,TONS,ANNUAL,2006,YEAR,1725000
3159,CORN,SILAGE,CO,PRODUCTION,TONS,ANNUAL,2006,YEAR,120000
3160,CORN,SILAGE,CO,PRODUCTION,TONS,ANNUAL,2007,YEAR,2475000
3161,CORN,SILAGE,CO,PRODUCTION,TONS,ANNUAL,2007,YEAR,2400000
3162,CORN,SILAGE,CO,PRODUCTION,TONS,ANNUAL,2007,YEAR,75000
3163,CORN,SILAGE,CO,PRODUCTION,TONS,ANNUAL,2008,YEAR,2580000
3164,CORN,SILAGE,CO,PRODUCTION,TONS,ANNUAL,2008,YEAR,2460000
3165,CORN,SILAGE,CO,PRODUCTION,TONS,ANNUAL,2008,YEAR,120000
3166,CORN,SILAGE,CO,PRODUCTION,TONS,ANNUAL,2009,YEAR,1998000
3167,CORN,SILAGE,CO,PRODUCTION,TONS,ANNUAL,2010,YEAR,2450000
3168,CORN,SILAGE,CO,PRODUCTION,TONS,ANNUAL,2011,YEAR,2415000
3169,CORN,SILAGE,CO,PRODUCTION,TONS,ANNUAL,2012,YEAR,3040000
3170,CORN,SILAGE,CO,PRODUCTION,TONS,ANNUAL,2013,YEAR,2300000
3171,CORN,SILAGE,CO,PRODUCTION,TONS,ANNUAL,2014,YEAR,2750000
3172,CORN,SILAGE,CO,PRODUCTION,TONS,ANNUAL,2015,YEAR,3060000
3173,CORN,SILAGE,CO,PRODUCTION,TONS,ANNUAL,2016,YEAR,3360000
3174,CORN,SILAGE,CO,PRODUCTION,TONS,ANNUAL,2017,YEAR,3315000
3175,CORN,SILAGE,CO,PRODUCTION,TONS,ANNUAL,2018,YEAR,4180000
3176,CORN,SILAGE,CO,PRODUCTION,TONS,ANNUAL,2019,YEAR,4200000
3177,CORN,SILAGE,CT,PRODUCTION,TONS,ANNUAL,2000,YEAR,627000
3178,CORN,SILAGE,CT,PRODUCTION,TONS,ANNUAL,2001,YEAR,570000
3179,CORN,SILAGE,CT,PRODUCTION,TONS,ANNUAL,2002,YEAR,522000
3180,CORN,SILAGE,CT,PRODUCTION,TONS,ANNUAL,2003,YEAR,490000
3181,CORN,SILAGE,CT,PRODUCTION,TONS,ANNUAL,2004,YEAR,581000
3182,CORN,SILAGE,CT,PRODUCTION,TONS,ANNUAL,2005,YEAR,520000
3183,CORN,SILAGE,CT,PRODUCTION,TONS,ANNUAL,2006,YEAR,455000
3184,CORN,SILAGE,CT,PRODUCTION,TONS,ANNUAL,2007,YEAR,468000
3185,CORN,SILAGE,CT,PRODUCTION,TONS,ANNUAL,2008,YEAR,495000
3186,CORN,SILAGE,CT,PRODUCTION,TONS,ANNUAL,2009,YEAR,341000
3187,CORN,SILAGE,CT,PRODUCTION,TONS,ANNUAL,2010,YEAR,451000
3188,CORN,SILAGE,CT,PRODUCTION,TONS,ANNUAL,2011,YEAR,352000
3189,CORN,SILAGE,CT,PRODUCTION,TONS,ANNUAL,2012,YEAR,440000
3190,CORN,SILAGE,CT,PRODUCTION,TONS,ANNUAL,2013,YEAR,437000
3191,CORN,SILAGE,CT,PRODUCTION,TONS,ANNUAL,2014,YEAR,440000
3192,CORN,SILAGE,CT,PRODUCTION,TONS,ANNUAL,2015,YEAR,389000
3193,CORN,SILAGE,CT,PRODUCTION,TONS,ANNUAL,2016,YEAR,389000
3194,CORN,SILAGE,CT,PRODUCTION,TONS,ANNUAL,2017,YEAR,390000
3195,CORN,SILAGE,CT,PRODUCTION,TONS,ANNUAL,2018,YEAR,380000
3196,CORN,SILAGE,CT,PRODUCTION,TONS,ANNUAL,2019,YEAR,441000
3197,CORN,SILAGE,DE,PRODUCTION,TONS,ANNUAL,2000,YEAR,198000
3198,CORN,SILAGE,DE,PRODUCTION,TONS,ANNUAL,2001,YEAR,126000
3199,CORN,SILAGE,DE,PRODUCTION,TONS,ANNUAL,2002,YEAR,140000
3200,CORN,SILAGE,DE,PRODUCTION,TONS,ANNUAL,2003,YEAR,80000
3201,CORN,SILAGE,DE,PRODUCTION,TONS,ANNUAL,2004,YEAR,102000
3202,CORN,SILAGE,DE,PRODUCTION,TONS,ANNUAL,2005,YEAR,95000
3203,CORN,SILAGE,DE,PRODUCTION,TONS,ANNUAL,2006,YEAR,160000
3204,CORN,SILAGE,DE,PRODUCTION,TONS,ANNUAL,2007,YEAR,70000
3205,CORN,SILAGE,DE,PRODUCTION,TONS,ANNUAL,2008,YEAR,78000
3206,CORN,SILAGE,DE,PRODUCTION,TONS,ANNUAL,2009,YEAR,75000
3207,CORN,SILAGE,DE,PRODUCTION,TONS,ANNUAL,2010,YEAR,70000
3208,CORN,SILAGE,DE,PRODUCTION,TONS,ANNUAL,2011,YEAR,84000
3209,CORN,SILAGE,DE,PRODUCTION,TONS,ANNUAL,2012,YEAR,85000
3210,CORN,SILAGE,DE,PRODUCTION,TONS,ANNUAL,2013,YEAR,85000
3211,CORN,SILAGE,DE,PRODUCTION,TONS,ANNUAL,2014,YEAR,120000
3212,CORN,SILAGE,DE,PRODUCTION,TONS,ANNUAL,2015,YEAR,80000
3213,CORN,SILAGE,DE,PRODUCTION,TONS,ANNUAL,2016,YEAR,90000
3214,CORN,SILAGE,DE,PRODUCTION,TONS,ANNUAL,2017,YEAR,137000
3215,CORN,SILAGE,DE,PRODUCTION,TONS,ANNUAL,2018,YEAR,72000
3216,CORN,SILAGE,DE,PRODUCTION,TONS,ANNUAL,2019,YEAR,92000
3217,CORN,SILAGE,FL,PRODUCTION,TONS,ANNUAL,2000,YEAR,768000
3218,CORN,SILAGE,FL,PRODUCTION,TONS,ANNUAL,2001,YEAR,594000
3219,CORN,SILAGE,FL,PRODUCTION,TONS,ANNUAL,2002,YEAR,558000
3220,CORN,SILAGE,FL,PRODUCTION,TONS,ANNUAL,2003,YEAR,532000
3221,CORN,SILAGE,FL,PRODUCTION,TONS,ANNUAL,2004,YEAR,561000
3222,CORN,SILAGE,FL,PRODUCTION,TONS,ANNUAL,2005,YEAR,532000
3223,CORN,SILAGE,FL,PRODUCTION,TONS,ANNUAL,2006,YEAR,486000
3224,CORN,SILAGE,FL,PRODUCTION,TONS,ANNUAL,2007,YEAR,540000
3225,CORN,SILAGE,FL,PRODUCTION,TONS,ANNUAL,2008,YEAR,510000
3226,CORN,SILAGE,FL,PRODUCTION,TONS,ANNUAL,2009,YEAR,540000
3227,CORN,SILAGE,FL,PRODUCTION,TONS,ANNUAL,2010,YEAR,450000
3228,CORN,SILAGE,FL,PRODUCTION,TONS,ANNUAL,2011,YEAR,576000
3229,CORN,SILAGE,FL,PRODUCTION,TONS,ANNUAL,2012,YEAR,627000
3230,CORN,SILAGE,FL,PRODUCTION,TONS,ANNUAL,2013,YEAR,630000
3231,CORN,SILAGE,FL,PRODUCTION,TONS,ANNUAL,2014,YEAR,390000
3232,CORN,SILAGE,FL,PRODUCTION,TONS,ANNUAL,2015,YEAR,425000
3233,CORN,SILAGE,FL,PRODUCTION,TONS,ANNUAL,2016,YEAR,665000
3234,CORN,SILAGE,FL,PRODUCTION,TONS,ANNUAL,2017,YEAR,665000
3235,CORN,SILAGE,FL,PRODUCTION,TONS,ANNUAL,2018,YEAR,630000
3236,CORN,SILAGE,FL,PRODUCTION,TONS,ANNUAL,2019,YEAR,700000
3237,CORN,SILAGE,GA,PRODUCTION,TONS,ANNUAL,2000,YEAR,675000
3238,CORN,SILAGE,GA,PRODUCTION,TONS,ANNUAL,2001,YEAR,720000
3239,CORN,SILAGE,GA,PRODUCTION,TONS,ANNUAL,2002,YEAR,680000
3240,CORN,SILAGE,GA,PRODUCTION,TONS,ANNUAL,2003,YEAR,765000
3241,CORN,SILAGE,GA,PRODUCTION,TONS,ANNUAL,2004,YEAR,720000
3242,CORN,SILAGE,GA,PRODUCTION,TONS,ANNUAL,2005,YEAR,665000
3243,CORN,SILAGE,GA,PRODUCTION,TONS,ANNUAL,2006,YEAR,680000
3244,CORN,SILAGE,GA,PRODUCTION,TONS,ANNUAL,2007,YEAR,720000
3245,CORN,SILAGE,GA,PRODUCTION,TONS,ANNUAL,2008,YEAR,810000
3246,CORN,SILAGE,GA,PRODUCTION,TONS,ANNUAL,2009,YEAR,510000
3247,CORN,SILAGE,GA,PRODUCTION,TONS,ANNUAL,2010,YEAR,720000
3248,CORN,SILAGE,GA,PRODUCTION,TONS,ANNUAL,2011,YEAR,950000
3249,CORN,SILAGE,GA,PRODUCTION,TONS,ANNUAL,2012,YEAR,630000
3250,CORN,SILAGE,GA,PRODUCTION,TONS,ANNUAL,2013,YEAR,700000
3251,CORN,SILAGE,GA,PRODUCTION,TONS,ANNUAL,2014,YEAR,683000
3252,CORN,SILAGE,GA,PRODUCTION,TONS,ANNUAL,2015,YEAR,880000
3253,CORN,SILAGE,GA,PRODUCTION,TONS,ANNUAL,2016,YEAR,760000
3254,CORN,SILAGE,GA,PRODUCTION,TONS,ANNUAL,2017,YEAR,560000
3255,CORN,SILAGE,GA,PRODUCTION,TONS,ANNUAL,2018,YEAR,630000
3256,CORN,SILAGE,GA,PRODUCTION,TONS,ANNUAL,2019,YEAR,550000
3257,CORN,SILAGE,IA,PRODUCTION,TONS,ANNUAL,2000,YEAR,4250000
3258,CORN,SILAGE,IA,PRODUCTION,TONS,ANNUAL,2001,YEAR,4255000
3259,CORN,SILAGE,IA,PRODUCTION,TONS,ANNUAL,2002,YEAR,5130000
3260,CORN,SILAGE,IA,PRODUCTION,TONS,ANNUAL,2003,YEAR,6600000
3261,CORN,SILAGE,IA,PRODUCTION,TONS,ANNUAL,2004,YEAR,4485000
3262,CORN,SILAGE,IA,PRODUCTION,TONS,ANNUAL,2005,YEAR,4255000
3263,CORN,SILAGE,IA,PRODUCTION,TONS,ANNUAL,2006,YEAR,4070000
3264,CORN,SILAGE,IA,PRODUCTION,TONS,ANNUAL,2007,YEAR,4875000
3265,CORN,SILAGE,IA,PRODUCTION,TONS,ANNUAL,2008,YEAR,4100000
3266,CORN,SILAGE,IA,PRODUCTION,TONS,ANNUAL,2009,YEAR,4840000
3267,CORN,SILAGE,IA,PRODUCTION,TONS,ANNUAL,2010,YEAR,5160000
3268,CORN,SILAGE,IA,PRODUCTION,TONS,ANNUAL,2011,YEAR,4100000
3269,CORN,SILAGE,IA,PRODUCTION,TONS,ANNUAL,2012,YEAR,5625000
3270,CORN,SILAGE,IA,PRODUCTION,TONS,ANNUAL,2013,YEAR,7410000
3271,CORN,SILAGE,IA,PRODUCTION,TONS,ANNUAL,2014,YEAR,6200000
3272,CORN,SILAGE,IA,PRODUCTION,TONS,ANNUAL,2015,YEAR,8160000
3273,CORN,SILAGE,IA,PRODUCTION,TONS,ANNUAL,2016,YEAR,7920000
3274,CORN,SILAGE,IA,PRODUCTION,TONS,ANNUAL,2017,YEAR,6930000
3275,CORN,SILAGE,IA,PRODUCTION,TONS,ANNUAL,2018,YEAR,5535000
3276,CORN,SILAGE,IA,PRODUCTION,TONS,ANNUAL,2019,YEAR,7920000
3277,CORN,SILAGE,ID,PRODUCTION,TONS,ANNUAL,2000,YEAR,3375000
3278,CORN,SILAGE,ID,PRODUCTION,TONS,ANNUAL,2001,YEAR,3125000
3279,CORN,SILAGE,ID,PRODUCTION,TONS,ANNUAL,2002,YEAR,3640000
3280,CORN,SILAGE,ID,PRODUCTION,TONS,ANNUAL,2003,YEAR,3510000
3281,CORN,SILAGE,ID,PRODUCTION,TONS,ANNUAL,2004,YEAR,3975000
3282,CORN,SILAGE,ID,PRODUCTION,TONS,ANNUAL,2005,YEAR,4505000
3283,CORN,SILAGE,ID,PRODUCTION,TONS,ANNUAL,2006,YEAR,5500000
3284,CORN,SILAGE,ID,PRODUCTION,TONS,ANNUAL,2007,YEAR,5670000
3285,CORN,SILAGE,ID,PRODUCTION,TONS,ANNUAL,2008,YEAR,5805000
3286,CORN,SILAGE,ID,PRODUCTION,TONS,ANNUAL,2009,YEAR,5913000
3287,CORN,SILAGE,ID,PRODUCTION,TONS,ANNUAL,2010,YEAR,5125000
3288,CORN,SILAGE,ID,PRODUCTION,TONS,ANNUAL,2011,YEAR,6188000
3289,CORN,SILAGE,ID,PRODUCTION,TONS,ANNUAL,2012,YEAR,5940000
3290,CORN,SILAGE,ID,PRODUCTION,TONS,ANNUAL,2013,YEAR,5980000
3291,CORN,SILAGE,ID,PRODUCTION,TONS,ANNUAL,2014,YEAR,6580000
3292,CORN,SILAGE,ID,PRODUCTION,TONS,ANNUAL,2015,YEAR,5945000
3293,CORN,SILAGE,ID,PRODUCTION,TONS,ANNUAL,2016,YEAR,7050000
3294,CORN,SILAGE,ID,PRODUCTION,TONS,ANNUAL,2017,YEAR,6600000
3295,CORN,SILAGE,ID,PRODUCTION,TONS,ANNUAL,2018,YEAR,6600000
3296,CORN,SILAGE,ID,PRODUCTION,TONS,ANNUAL,2019,YEAR,6580000
3297,CORN,SILAGE,IL,PRODUCTION,TONS,ANNUAL,2000,YEAR,1840000
3298,CORN,SILAGE,IL,PRODUCTION,TONS,ANNUAL,2001,YEAR,1840000
3299,CORN,SILAGE,IL,PRODUCTION,TONS,ANNUAL,2002,YEAR,1725000
3300,CORN,SILAGE,IL,PRODUCTION,TONS,ANNUAL,2003,YEAR,1650000
3301,CORN,SILAGE,IL,PRODUCTION,TONS,ANNUAL,2004,YEAR,2200000
3302,CORN,SILAGE,IL,PRODUCTION,TONS,ANNUAL,2005,YEAR,1725000
3303,CORN,SILAGE,IL,PRODUCTION,TONS,ANNUAL,2006,YEAR,1890000
3304,CORN,SILAGE,IL,PRODUCTION,TONS,ANNUAL,2007,YEAR,1800000
3305,CORN,SILAGE,IL,PRODUCTION,TONS,ANNUAL,2008,YEAR,1700000
3306,CORN,SILAGE,IL,PRODUCTION,TONS,ANNUAL,2009,YEAR,1900000
3307,CORN,SILAGE,IL,PRODUCTION,TONS,ANNUAL,2010,YEAR,1980000
3308,CORN,SILAGE,IL,PRODUCTION,TONS,ANNUAL,2011,YEAR,2730000
3309,CORN,SILAGE,IL,PRODUCTION,TONS,ANNUAL,2012,YEAR,2420000
3310,CORN,SILAGE,IL,PRODUCTION,TONS,ANNUAL,2013,YEAR,1900000
3311,CORN,SILAGE,IL,PRODUCTION,TONS,ANNUAL,2014,YEAR,1760000
3312,CORN,SILAGE,IL,PRODUCTION,TONS,ANNUAL,2015,YEAR,1800000
3313,CORN,SILAGE,IL,PRODUCTION,TONS,ANNUAL,2016,YEAR,1680000
3314,CORN,SILAGE,IL,PRODUCTION,TONS,ANNUAL,2017,YEAR,3230000
3315,CORN,SILAGE,IL,PRODUCTION,TONS,ANNUAL,2018,YEAR,2000000
3316,CORN,SILAGE,IL,PRODUCTION,TONS,ANNUAL,2019,YEAR,3400000
3317,CORN,SILAGE,IN,PRODUCTION,TONS,ANNUAL,2000,YEAR,2470000
3318,CORN,SILAGE,IN,PRODUCTION,TONS,ANNUAL,2001,YEAR,2090000
3319,CORN,SILAGE,IN,PRODUCTION,TONS,ANNUAL,2002,YEAR,2240000
3320,CORN,SILAGE,IN,PRODUCTION,TONS,ANNUAL,2003,YEAR,2850000
3321,CORN,SILAGE,IN,PRODUCTION,TONS,ANNUAL,2004,YEAR,2870000
3322,CORN,SILAGE,IN,PRODUCTION,TONS,ANNUAL,2005,YEAR,2000000
3323,CORN,SILAGE,IN,PRODUCTION,TONS,ANNUAL,2006,YEAR,2100000
3324,CORN,SILAGE,IN,PRODUCTION,TONS,ANNUAL,2007,YEAR,2035000
3325,CORN,SILAGE,IN,PRODUCTION,TONS,ANNUAL,2008,YEAR,2200000
3326,CORN,SILAGE,IN,PRODUCTION,TONS,ANNUAL,2009,YEAR,2200000
3327,CORN,SILAGE,IN,PRODUCTION,TONS,ANNUAL,2010,YEAR,2730000
3328,CORN,SILAGE,IN,PRODUCTION,TONS,ANNUAL,2011,YEAR,2400000
3329,CORN,SILAGE,IN,PRODUCTION,TONS,ANNUAL,2012,YEAR,2210000
3330,CORN,SILAGE,IN,PRODUCTION,TONS,ANNUAL,2013,YEAR,2990000
3331,CORN,SILAGE,IN,PRODUCTION,TONS,ANNUAL,2014,YEAR,2200000
3332,CORN,SILAGE,IN,PRODUCTION,TONS,ANNUAL,2015,YEAR,1530000
3333,CORN,SILAGE,IN,PRODUCTION,TONS,ANNUAL,2016,YEAR,2200000
3334,CORN,SILAGE,IN,PRODUCTION,TONS,ANNUAL,2017,YEAR,2310000
3335,CORN,SILAGE,IN,PRODUCTION,TONS,ANNUAL,2018,YEAR,2100000
3336,CORN,SILAGE,IN,PRODUCTION,TONS,ANNUAL,2019,YEAR,2200000
3337,CORN,SILAGE,KS,PRODUCTION,TONS,ANNUAL,2000,YEAR,2520000
3338,CORN,SILAGE,KS,PRODUCTION,TONS,ANNUAL,2001,YEAR,4130000
3339,CORN,SILAGE,KS,PRODUCTION,TONS,ANNUAL,2002,YEAR,3200000
3340,CORN,SILAGE,KS,PRODUCTION,TONS,ANNUAL,2003,YEAR,3080000
3341,CORN,SILAGE,KS,PRODUCTION,TONS,ANNUAL,2004,YEAR,2550000
3342,CORN,SILAGE,KS,PRODUCTION,TONS,ANNUAL,2005,YEAR,2400000
3343,CORN,SILAGE,KS,PRODUCTION,TONS,ANNUAL,2006,YEAR,3600000
3344,CORN,SILAGE,KS,PRODUCTION,TONS,ANNUAL,2007,YEAR,2880000
3345,CORN,SILAGE,KS,PRODUCTION,TONS,ANNUAL,2008,YEAR,2890000
3346,CORN,SILAGE,KS,PRODUCTION,TONS,ANNUAL,2009,YEAR,3420000
3347,CORN,SILAGE,KS,PRODUCTION,TONS,ANNUAL,2010,YEAR,1960000
3348,CORN,SILAGE,KS,PRODUCTION,TONS,ANNUAL,2011,YEAR,3850000
3349,CORN,SILAGE,KS,PRODUCTION,TONS,ANNUAL,2012,YEAR,4000000
3350,CORN,SILAGE,KS,PRODUCTION,TONS,ANNUAL,2013,YEAR,1950000
3351,CORN,SILAGE,KS,PRODUCTION,TONS,ANNUAL,2014,YEAR,2100000
3352,CORN,SILAGE,KS,PRODUCTION,TONS,ANNUAL,2015,YEAR,3145000
3353,CORN,SILAGE,KS,PRODUCTION,TONS,ANNUAL,2016,YEAR,2925000
3354,CORN,SILAGE,KS,PRODUCTION,TONS,ANNUAL,2017,YEAR,5375000
3355,CORN,SILAGE,KS,PRODUCTION,TONS,ANNUAL,2018,YEAR,5265000
3356,CORN,SILAGE,KS,PRODUCTION,TONS,ANNUAL,2019,YEAR,4375000
3357,CORN,SILAGE,KY,PRODUCTION,TONS,ANNUAL,2000,YEAR,1710000
3358,CORN,SILAGE,KY,PRODUCTION,TONS,ANNUAL,2001,YEAR,1805000
3359,CORN,SILAGE,KY,PRODUCTION,TONS,ANNUAL,2002,YEAR,1360000
3360,CORN,SILAGE,KY,PRODUCTION,TONS,ANNUAL,2003,YEAR,1440000
3361,CORN,SILAGE,KY,PRODUCTION,TONS,ANNUAL,2004,YEAR,1138000
3362,CORN,SILAGE,KY,PRODUCTION,TONS,ANNUAL,2005,YEAR,975000
3363,CORN,SILAGE,KY,PRODUCTION,TONS,ANNUAL,2006,YEAR,1350000
3364,CORN,SILAGE,KY,PRODUCTION,TONS,ANNUAL,2007,YEAR,1148000
3365,CORN,SILAGE,KY,PRODUCTION,TONS,ANNUAL,2008,YEAR,1360000
3366,CORN,SILAGE,KY,PRODUCTION,TONS,ANNUAL,2009,YEAR,1170000
3367,CORN,SILAGE,KY,PRODUCTION,TONS,ANNUAL,2010,YEAR,1295000
3368,CORN,SILAGE,KY,PRODUCTION,TONS,ANNUAL,2011,YEAR,1268000
3369,CORN,SILAGE,KY,PRODUCTION,TONS,ANNUAL,2012,YEAR,1125000
3370,CORN,SILAGE,KY,PRODUCTION,TONS,ANNUAL,2013,YEAR,1680000
3371,CORN,SILAGE,KY,PRODUCTION,TONS,ANNUAL,2014,YEAR,1575000
3372,CORN,SILAGE,KY,PRODUCTION,TONS,ANNUAL,2015,YEAR,1400000
3373,CORN,SILAGE,KY,PRODUCTION,TONS,ANNUAL,2016,YEAR,1560000
3374,CORN,SILAGE,KY,PRODUCTION,TONS,ANNUAL,2017,YEAR,1700000
3375,CORN,SILAGE,KY,PRODUCTION,TONS,ANNUAL,2018,YEAR,1890000
3376,CORN,SILAGE,KY,PRODUCTION,TONS,ANNUAL,2019,YEAR,1680000
3377,CORN,SILAGE,LA,PRODUCTION,TONS,ANNUAL,2000,YEAR,70000
3378,CORN,SILAGE,LA,PRODUCTION,TONS,ANNUAL,2001,YEAR,98000
3379,CORN,SILAGE,LA,PRODUCTION,TONS,ANNUAL,2002,YEAR,120000
3380,CORN,SILAGE,LA,PRODUCTION,TONS,ANNUAL,2003,YEAR,160000
3381,CORN,SILAGE,LA,PRODUCTION,TONS,ANNUAL,2004,YEAR,60000
3382,CORN,SILAGE,LA,PRODUCTION,TONS,ANNUAL,2005,YEAR,90000
3383,CORN,SILAGE,LA,PRODUCTION,TONS,ANNUAL,2006,YEAR,70000
3384,CORN,SILAGE,LA,PRODUCTION,TONS,ANNUAL,2007,YEAR,90000
3385,CORN,SILAGE,LA,PRODUCTION,TONS,ANNUAL,2008,YEAR,70000
3386,CORN,SILAGE,LA,PRODUCTION,TONS,ANNUAL,2009,YEAR,39000
3387,CORN,SILAGE,LA,PRODUCTION,TONS,ANNUAL,2010,YEAR,80000
3388,CORN,SILAGE,LA,PRODUCTION,TONS,ANNUAL,2011,YEAR,33000
3389,CORN,SILAGE,LA,PRODUCTION,TONS,ANNUAL,2012,YEAR,75000
3390,CORN,SILAGE,LA,PRODUCTION,TONS,ANNUAL,2013,YEAR,54000
3391,CORN,SILAGE,LA,PRODUCTION,TONS,ANNUAL,2014,YEAR,36000
3392,CORN,SILAGE,LA,PRODUCTION,TONS,ANNUAL,2015,YEAR,14000
3393,CORN,SILAGE,LA,PRODUCTION,TONS,ANNUAL,2016,YEAR,17000
3394,CORN,SILAGE,LA,PRODUCTION,TONS,ANNUAL,2017,YEAR,20000
3395,CORN,SILAGE,LA,PRODUCTION,TONS,ANNUAL,2018,YEAR,40000
3396,CORN,SILAGE,LA,PRODUCTION,TONS,ANNUAL,2019,YEAR,57000
3397,CORN,SILAGE,MA,PRODUCTION,TONS,ANNUAL,2000,YEAR,390000
3398,CORN,SILAGE,MA,PRODUCTION,TONS,ANNUAL,2001,YEAR,399000
3399,CORN,SILAGE,MA,PRODUCTION,TONS,ANNUAL,2002,YEAR,342000
3400,CORN,SILAGE,MA,PRODUCTION,TONS,ANNUAL,2003,YEAR,323000
3401,CORN,SILAGE,MA,PRODUCTION,TONS,ANNUAL,2004,YEAR,374000
3402,CORN,SILAGE,MA,PRODUCTION,TONS,ANNUAL,2005,YEAR,366000
3403,CORN,SILAGE,MA,PRODUCTION,TONS,ANNUAL,2006,YEAR,285000
3404,CORN,SILAGE,MA,PRODUCTION,TONS,ANNUAL,2007,YEAR,300000
3405,CORN,SILAGE,MA,PRODUCTION,TONS,ANNUAL,2008,YEAR,293000
3406,CORN,SILAGE,MA,PRODUCTION,TONS,ANNUAL,2009,YEAR,210000
3407,CORN,SILAGE,MA,PRODUCTION,TONS,ANNUAL,2010,YEAR,280000
3408,CORN,SILAGE,MA,PRODUCTION,TONS,ANNUAL,2011,YEAR,234000
3409,CORN,SILAGE,MA,PRODUCTION,TONS,ANNUAL,2012,YEAR,247000
3410,CORN,SILAGE,MA,PRODUCTION,TONS,ANNUAL,2013,YEAR,234000
3411,CORN,SILAGE,MA,PRODUCTION,TONS,ANNUAL,2014,YEAR,260000
3412,CORN,SILAGE,MA,PRODUCTION,TONS,ANNUAL,2015,YEAR,247000
3413,CORN,SILAGE,MA,PRODUCTION,TONS,ANNUAL,2016,YEAR,224000
3414,CORN,SILAGE,MA,PRODUCTION,TONS,ANNUAL,2017,YEAR,228000
3415,CORN,SILAGE,MA,PRODUCTION,TONS,ANNUAL,2018,YEAR,240000
3416,CORN,SILAGE,MA,PRODUCTION,TONS,ANNUAL,2019,YEAR,220000
3417,CORN,SILAGE,MD,PRODUCTION,TONS,ANNUAL,2000,YEAR,1400000
3418,CORN,SILAGE,MD,PRODUCTION,TONS,ANNUAL,2001,YEAR,1125000
3419,CORN,SILAGE,MD,PRODUCTION,TONS,ANNUAL,2002,YEAR,960000
3420,CORN,SILAGE,MD,PRODUCTION,TONS,ANNUAL,2003,YEAR,1040000
3421,CORN,SILAGE,MD,PRODUCTION,TONS,ANNUAL,2004,YEAR,1200000
3422,CORN,SILAGE,MD,PRODUCTION,TONS,ANNUAL,2005,YEAR,1105000
3423,CORN,SILAGE,MD,PRODUCTION,TONS,ANNUAL,2006,YEAR,1020000
3424,CORN,SILAGE,MD,PRODUCTION,TONS,ANNUAL,2007,YEAR,780000
3425,CORN,SILAGE,MD,PRODUCTION,TONS,ANNUAL,2008,YEAR,825000
3426,CORN,SILAGE,MD,PRODUCTION,TONS,ANNUAL,2009,YEAR,760000
3427,CORN,SILAGE,MD,PRODUCTION,TONS,ANNUAL,2010,YEAR,780000
3428,CORN,SILAGE,MD,PRODUCTION,TONS,ANNUAL,2011,YEAR,960000
3429,CORN,SILAGE,MD,PRODUCTION,TONS,ANNUAL,2012,YEAR,900000
3430,CORN,SILAGE,MD,PRODUCTION,TONS,ANNUAL,2013,YEAR,1155000
3431,CORN,SILAGE,MD,PRODUCTION,TONS,ANNUAL,2014,YEAR,1320000
3432,CORN,SILAGE,MD,PRODUCTION,TONS,ANNUAL,2015,YEAR,990000
3433,CORN,SILAGE,MD,PRODUCTION,TONS,ANNUAL,2016,YEAR,900000
3434,CORN,SILAGE,MD,PRODUCTION,TONS,ANNUAL,2017,YEAR,1025000
3435,CORN,SILAGE,MD,PRODUCTION,TONS,ANNUAL,2018,YEAR,855000
3436,CORN,SILAGE,MD,PRODUCTION,TONS,ANNUAL,2019,YEAR,880000
3437,CORN,SILAGE,ME,PRODUCTION,TONS,ANNUAL,2000,YEAR,455000
3438,CORN,SILAGE,ME,PRODUCTION,TONS,ANNUAL,2001,YEAR,475000
3439,CORN,SILAGE,ME,PRODUCTION,TONS,ANNUAL,2002,YEAR,442000
3440,CORN,SILAGE,ME,PRODUCTION,TONS,ANNUAL,2003,YEAR,450000
3441,CORN,SILAGE,ME,PRODUCTION,TONS,ANNUAL,2004,YEAR,488000
3442,CORN,SILAGE,ME,PRODUCTION,TONS,ANNUAL,2005,YEAR,444000
3443,CORN,SILAGE,ME,PRODUCTION,TONS,ANNUAL,2006,YEAR,408000
3444,CORN,SILAGE,ME,PRODUCTION,TONS,ANNUAL,2007,YEAR,450000
3445,CORN,SILAGE,ME,PRODUCTION,TONS,ANNUAL,2008,YEAR,450000
3446,CORN,SILAGE,ME,PRODUCTION,TONS,ANNUAL,2009,YEAR,325000
3447,CORN,SILAGE,ME,PRODUCTION,TONS,ANNUAL,2010,YEAR,450000
3448,CORN,SILAGE,ME,PRODUCTION,TONS,ANNUAL,2011,YEAR,438000
3449,CORN,SILAGE,ME,PRODUCTION,TONS,ANNUAL,2012,YEAR,400000
3450,CORN,SILAGE,ME,PRODUCTION,TONS,ANNUAL,2013,YEAR,473000
3451,CORN,SILAGE,ME,PRODUCTION,TONS,ANNUAL,2014,YEAR,500000
3452,CORN,SILAGE,ME,PRODUCTION,TONS,ANNUAL,2015,YEAR,500000
3453,CORN,SILAGE,ME,PRODUCTION,TONS,ANNUAL,2016,YEAR,532000
3454,CORN,SILAGE,ME,PRODUCTION,TONS,ANNUAL,2017,YEAR,486000
3455,CORN,SILAGE,ME,PRODUCTION,TONS,ANNUAL,2018,YEAR,540000
3456,CORN,SILAGE,ME,PRODUCTION,TONS,ANNUAL,2019,YEAR,494000
3457,CORN,SILAGE,MI,PRODUCTION,TONS,ANNUAL,2000,YEAR,3220000
3458,CORN,SILAGE,MI,PRODUCTION,TONS,ANNUAL,2001,YEAR,3640000
3459,CORN,SILAGE,MI,PRODUCTION,TONS,ANNUAL,2002,YEAR,3600000
3460,CORN,SILAGE,MI,PRODUCTION,TONS,ANNUAL,2003,YEAR,3360000
3461,CORN,SILAGE,MI,PRODUCTION,TONS,ANNUAL,2004,YEAR,4770000
3462,CORN,SILAGE,MI,PRODUCTION,TONS,ANNUAL,2005,YEAR,4025000
3463,CORN,SILAGE,MI,PRODUCTION,TONS,ANNUAL,2006,YEAR,3960000
3464,CORN,SILAGE,MI,PRODUCTION,TONS,ANNUAL,2007,YEAR,4278000
3465,CORN,SILAGE,MI,PRODUCTION,TONS,ANNUAL,2008,YEAR,4125000
3466,CORN,SILAGE,MI,PRODUCTION,TONS,ANNUAL,2009,YEAR,3410000
3467,CORN,SILAGE,MI,PRODUCTION,TONS,ANNUAL,2010,YEAR,5365000
3468,CORN,SILAGE,MI,PRODUCTION,TONS,ANNUAL,2011,YEAR,5400000
3469,CORN,SILAGE,MI,PRODUCTION,TONS,ANNUAL,2012,YEAR,4650000
3470,CORN,SILAGE,MI,PRODUCTION,TONS,ANNUAL,2013,YEAR,6125000
3471,CORN,SILAGE,MI,PRODUCTION,TONS,ANNUAL,2014,YEAR,6560000
3472,CORN,SILAGE,MI,PRODUCTION,TONS,ANNUAL,2015,YEAR,4940000
3473,CORN,SILAGE,MI,PRODUCTION,TONS,ANNUAL,2016,YEAR,6630000
3474,CORN,SILAGE,MI,PRODUCTION,TONS,ANNUAL,2017,YEAR,6290000
3475,CORN,SILAGE,MI,PRODUCTION,TONS,ANNUAL,2018,YEAR,5950000
3476,CORN,SILAGE,MI,PRODUCTION,TONS,ANNUAL,2019,YEAR,6290000
3477,CORN,SILAGE,MN,PRODUCTION,TONS,ANNUAL,2000,YEAR,7600000
3478,CORN,SILAGE,MN,PRODUCTION,TONS,ANNUAL,2001,YEAR,7000000
3479,CORN,SILAGE,MN,PRODUCTION,TONS,ANNUAL,2002,YEAR,6800000
3480,CORN,SILAGE,MN,PRODUCTION,TONS,ANNUAL,2003,YEAR,6650000
3481,CORN,SILAGE,MN,PRODUCTION,TONS,ANNUAL,2004,YEAR,6400000
3482,CORN,SILAGE,MN,PRODUCTION,TONS,ANNUAL,2005,YEAR,6400000
3483,CORN,SILAGE,MN,PRODUCTION,TONS,ANNUAL,2006,YEAR,6000000
3484,CORN,SILAGE,MN,PRODUCTION,TONS,ANNUAL,2007,YEAR,6075000
3485,CORN,SILAGE,MN,PRODUCTION,TONS,ANNUAL,2008,YEAR,6400000
3486,CORN,SILAGE,MN,PRODUCTION,TONS,ANNUAL,2009,YEAR,7600000
3487,CORN,SILAGE,MN,PRODUCTION,TONS,ANNUAL,2010,YEAR,7000000
3488,CORN,SILAGE,MN,PRODUCTION,TONS,ANNUAL,2011,YEAR,6300000
3489,CORN,SILAGE,MN,PRODUCTION,TONS,ANNUAL,2012,YEAR,6300000
3490,CORN,SILAGE,MN,PRODUCTION,TONS,ANNUAL,2013,YEAR,6270000
3491,CORN,SILAGE,MN,PRODUCTION,TONS,ANNUAL,2014,YEAR,9000000
3492,CORN,SILAGE,MN,PRODUCTION,TONS,ANNUAL,2015,YEAR,9675000
3493,CORN,SILAGE,MN,PRODUCTION,TONS,ANNUAL,2016,YEAR,8385000
3494,CORN,SILAGE,MN,PRODUCTION,TONS,ANNUAL,2017,YEAR,7740000
3495,CORN,SILAGE,MN,PRODUCTION,TONS,ANNUAL,2018,YEAR,7480000
3496,CORN,SILAGE,MN,PRODUCTION,TONS,ANNUAL,2019,YEAR,8740000
3497,CORN,SILAGE,MO,PRODUCTION,TONS,ANNUAL,2000,YEAR,900000
3498,CORN,SILAGE,MO,PRODUCTION,TONS,ANNUAL,2001,YEAR,1120000
3499,CORN,SILAGE,MO,PRODUCTION,TONS,ANNUAL,2002,YEAR,910000
3500,CORN,SILAGE,MO,PRODUCTION,TONS,ANNUAL,2003,YEAR,840000
3501,CORN,SILAGE,MO,PRODUCTION,TONS,ANNUAL,2004,YEAR,725000
3502,CORN,SILAGE,MO,PRODUCTION,TONS,ANNUAL,2005,YEAR,1430000
3503,CORN,SILAGE,MO,PRODUCTION,TONS,ANNUAL,2006,YEAR,780000
3504,CORN,SILAGE,MO,PRODUCTION,TONS,ANNUAL,2007,YEAR,1050000
3505,CORN,SILAGE,MO,PRODUCTION,TONS,ANNUAL,2008,YEAR,700000
3506,CORN,SILAGE,MO,PRODUCTION,TONS,ANNUAL,2009,YEAR,800000
3507,CORN,SILAGE,MO,PRODUCTION,TONS,ANNUAL,2010,YEAR,900000
3508,CORN,SILAGE,MO,PRODUCTION,TONS,ANNUAL,2011,YEAR,900000
3509,CORN,SILAGE,MO,PRODUCTION,TONS,ANNUAL,2012,YEAR,1200000
3510,CORN,SILAGE,MO,PRODUCTION,TONS,ANNUAL,2013,YEAR,1120000
3511,CORN,SILAGE,MO,PRODUCTION,TONS,ANNUAL,2014,YEAR,1440000
3512,CORN,SILAGE,MO,PRODUCTION,TONS,ANNUAL,2015,YEAR,1400000
3513,CORN,SILAGE,MO,PRODUCTION,TONS,ANNUAL,2016,YEAR,1200000
3514,CORN,SILAGE,MO,PRODUCTION,TONS,ANNUAL,2017,YEAR,1050000
3515,CORN,SILAGE,MO,PRODUCTION,TONS,ANNUAL,2018,YEAR,1300000
3516,CORN,SILAGE,MO,PRODUCTION,TONS,ANNUAL,2019,YEAR,1120000
3517,CORN,SILAGE,MS,PRODUCTION,TONS,ANNUAL,2000,YEAR,220000
3518,CORN,SILAGE,MS,PRODUCTION,TONS,ANNUAL,2001,YEAR,143000
3519,CORN,SILAGE,MS,PRODUCTION,TONS,ANNUAL,2002,YEAR,225000
3520,CORN,SILAGE,MS,PRODUCTION,TONS,ANNUAL,2003,YEAR,150000
3521,CORN,SILAGE,MS,PRODUCTION,TONS,ANNUAL,2004,YEAR,210000
3522,CORN,SILAGE,MS,PRODUCTION,TONS,ANNUAL,2005,YEAR,160000
3523,CORN,SILAGE,MS,PRODUCTION,TONS,ANNUAL,2006,YEAR,140000
3524,CORN,SILAGE,MS,PRODUCTION,TONS,ANNUAL,2007,YEAR,195000
3525,CORN,SILAGE,MS,PRODUCTION,TONS,ANNUAL,2008,YEAR,195000
3526,CORN,SILAGE,MS,PRODUCTION,TONS,ANNUAL,2009,YEAR,150000
3527,CORN,SILAGE,MS,PRODUCTION,TONS,ANNUAL,2010,YEAR,160000
3528,CORN,SILAGE,MS,PRODUCTION,TONS,ANNUAL,2011,YEAR,165000
3529,CORN,SILAGE,MS,PRODUCTION,TONS,ANNUAL,2012,YEAR,140000
3530,CORN,SILAGE,MS,PRODUCTION,TONS,ANNUAL,2013,YEAR,160000
3531,CORN,SILAGE,MS,PRODUCTION,TONS,ANNUAL,2014,YEAR,140000
3532,CORN,SILAGE,MS,PRODUCTION,TONS,ANNUAL,2015,YEAR,160000
3533,CORN,SILAGE,MS,PRODUCTION,TONS,ANNUAL,2016,YEAR,140000
3534,CORN,SILAGE,MS,PRODUCTION,TONS,ANNUAL,2017,YEAR,126000
3535,CORN,SILAGE,MS,PRODUCTION,TONS,ANNUAL,2018,YEAR,105000
3536,CORN,SILAGE,MS,PRODUCTION,TONS,ANNUAL,2019,YEAR,105000
3537,CORN,SILAGE,MT,PRODUCTION,TONS,ANNUAL,2000,YEAR,882000
3538,CORN,SILAGE,MT,PRODUCTION,TONS,ANNUAL,2000,YEAR,882000
3539,CORN,SILAGE,MT,PRODUCTION,TONS,ANNUAL,2001,YEAR,1122000
3540,CORN,SILAGE,MT,PRODUCTION,TONS,ANNUAL,2001,YEAR,1122000
3541,CORN,SILAGE,MT,PRODUCTION,TONS,ANNUAL,2002,YEAR,1078000
3542,CORN,SILAGE,MT,PRODUCTION,TONS,ANNUAL,2002,YEAR,1078000
3543,CORN,SILAGE,MT,PRODUCTION,TONS,ANNUAL,2003,YEAR,1176000
3544,CORN,SILAGE,MT,PRODUCTION,TONS,ANNUAL,2003,YEAR,1176000
3545,CORN,SILAGE,MT,PRODUCTION,TONS,ANNUAL,2004,YEAR,1122000
3546,CORN,SILAGE,MT,PRODUCTION,TONS,ANNUAL,2004,YEAR,1122000
3547,CORN,SILAGE,MT,PRODUCTION,TONS,ANNUAL,2005,YEAR,1104000
3548,CORN,SILAGE,MT,PRODUCTION,TONS,ANNUAL,2005,YEAR,1104000
3549,CORN,SILAGE,MT,PRODUCTION,TONS,ANNUAL,2006,YEAR,990000
3550,CORN,SILAGE,MT,PRODUCTION,TONS,ANNUAL,2006,YEAR,990000
3551,CORN,SILAGE,MT,PRODUCTION,TONS,ANNUAL,2007,YEAR,968000
3552,CORN,SILAGE,MT,PRODUCTION,TONS,ANNUAL,2007,YEAR,968000
3553,CORN,SILAGE,MT,PRODUCTION,TONS,ANNUAL,2008,YEAR,902000
3554,CORN,SILAGE,MT,PRODUCTION,TONS,ANNUAL,2009,YEAR,1035000
3555,CORN,SILAGE,MT,PRODUCTION,TONS,ANNUAL,2010,YEAR,1080000
3556,CORN,SILAGE,MT,PRODUCTION,TONS,ANNUAL,2011,YEAR,798000
3557,CORN,SILAGE,MT,PRODUCTION,TONS,ANNUAL,2012,YEAR,840000
3558,CORN,SILAGE,MT,PRODUCTION,TONS,ANNUAL,2013,YEAR,943000
3559,CORN,SILAGE,MT,PRODUCTION,TONS,ANNUAL,2014,YEAR,1122000
3560,CORN,SILAGE,MT,PRODUCTION,TONS,ANNUAL,2015,YEAR,1150000
3561,CORN,SILAGE,MT,PRODUCTION,TONS,ANNUAL,2016,YEAR,1210000
3562,CORN,SILAGE,MT,PRODUCTION,TONS,ANNUAL,2017,YEAR,500000
3563,CORN,SILAGE,MT,PRODUCTION,TONS,ANNUAL,2018,YEAR,740000
3564,CORN,SILAGE,MT,PRODUCTION,TONS,ANNUAL,2019,YEAR,1150000
3565,CORN,SILAGE,NC,PRODUCTION,TONS,ANNUAL,2000,YEAR,1275000
3566,CORN,SILAGE,NC,PRODUCTION,TONS,ANNUAL,2001,YEAR,1368000
3567,CORN,SILAGE,NC,PRODUCTION,TONS,ANNUAL,2002,YEAR,900000
3568,CORN,SILAGE,NC,PRODUCTION,TONS,ANNUAL,2003,YEAR,880000
3569,CORN,SILAGE,NC,PRODUCTION,TONS,ANNUAL,2004,YEAR,1425000
3570,CORN,SILAGE,NC,PRODUCTION,TONS,ANNUAL,2005,YEAR,765000
3571,CORN,SILAGE,NC,PRODUCTION,TONS,ANNUAL,2006,YEAR,810000
3572,CORN,SILAGE,NC,PRODUCTION,TONS,ANNUAL,2007,YEAR,660000
3573,CORN,SILAGE,NC,PRODUCTION,TONS,ANNUAL,2008,YEAR,825000
3574,CORN,SILAGE,NC,PRODUCTION,TONS,ANNUAL,2009,YEAR,990000
3575,CORN,SILAGE,NC,PRODUCTION,TONS,ANNUAL,2010,YEAR,650000
3576,CORN,SILAGE,NC,PRODUCTION,TONS,ANNUAL,2011,YEAR,630000
3577,CORN,SILAGE,NC,PRODUCTION,TONS,ANNUAL,2012,YEAR,640000
3578,CORN,SILAGE,NC,PRODUCTION,TONS,ANNUAL,2013,YEAR,765000
3579,CORN,SILAGE,NC,PRODUCTION,TONS,ANNUAL,2014,YEAR,950000
3580,CORN,SILAGE,NC,PRODUCTION,TONS,ANNUAL,2015,YEAR,800000
3581,CORN,SILAGE,NC,PRODUCTION,TONS,ANNUAL,2016,YEAR,620000
3582,CORN,SILAGE,NC,PRODUCTION,TONS,ANNUAL,2017,YEAR,720000
3583,CORN,SILAGE,NC,PRODUCTION,TONS,ANNUAL,2018,YEAR,800000
3584,CORN,SILAGE,NC,PRODUCTION,TONS,ANNUAL,2019,YEAR,900000
3585,CORN,SILAGE,ND,PRODUCTION,TONS,ANNUAL,2000,YEAR,1540000
3586,CORN,SILAGE,ND,PRODUCTION,TONS,ANNUAL,2000,YEAR,146800
3587,CORN,SILAGE,ND,PRODUCTION,TONS,ANNUAL,2000,YEAR,1393200
3588,CORN,SILAGE,ND,PRODUCTION,TONS,ANNUAL,2001,YEAR,1705000
3589,CORN,SILAGE,ND,PRODUCTION,TONS,ANNUAL,2001,YEAR,121000
3590,CORN,SILAGE,ND,PRODUCTION,TONS,ANNUAL,2001,YEAR,1584000
3591,CORN,SILAGE,ND,PRODUCTION,TONS,ANNUAL,2002,YEAR,1260000
3592,CORN,SILAGE,ND,PRODUCTION,TONS,ANNUAL,2002,YEAR,225000
3593,CORN,SILAGE,ND,PRODUCTION,TONS,ANNUAL,2002,YEAR,1035000
3594,CORN,SILAGE,ND,PRODUCTION,TONS,ANNUAL,2003,YEAR,1496000
3595,CORN,SILAGE,ND,PRODUCTION,TONS,ANNUAL,2003,YEAR,226500
3596,CORN,SILAGE,ND,PRODUCTION,TONS,ANNUAL,2003,YEAR,1269500
3597,CORN,SILAGE,ND,PRODUCTION,TONS,ANNUAL,2004,YEAR,1871000
3598,CORN,SILAGE,ND,PRODUCTION,TONS,ANNUAL,2004,YEAR,270000
3599,CORN,SILAGE,ND,PRODUCTION,TONS,ANNUAL,2004,YEAR,1601000
3600,CORN,SILAGE,ND,PRODUCTION,TONS,ANNUAL,2005,YEAR,1870000
3601,CORN,SILAGE,ND,PRODUCTION,TONS,ANNUAL,2005,YEAR,210000
3602,CORN,SILAGE,ND,PRODUCTION,TONS,ANNUAL,2005,YEAR,1660000
3603,CORN,SILAGE,ND,PRODUCTION,TONS,ANNUAL,2006,YEAR,1298000
3604,CORN,SILAGE,ND,PRODUCTION,TONS,ANNUAL,2006,YEAR,172300
3605,CORN,SILAGE,ND,PRODUCTION,TONS,ANNUAL,2006,YEAR,1125700
3606,CORN,SILAGE,ND,PRODUCTION,TONS,ANNUAL,2007,YEAR,1980000
3607,CORN,SILAGE,ND,PRODUCTION,TONS,ANNUAL,2007,YEAR,135000
3608,CORN,SILAGE,ND,PRODUCTION,TONS,ANNUAL,2007,YEAR,1845000
3609,CORN,SILAGE,ND,PRODUCTION,TONS,ANNUAL,2008,YEAR,2200000
3610,CORN,SILAGE,ND,PRODUCTION,TONS,ANNUAL,2008,YEAR,135900
3611,CORN,SILAGE,ND,PRODUCTION,TONS,ANNUAL,2008,YEAR,2064100
3612,CORN,SILAGE,ND,PRODUCTION,TONS,ANNUAL,2009,YEAR,2040000
3613,CORN,SILAGE,ND,PRODUCTION,TONS,ANNUAL,2010,YEAR,2100000
3614,CORN,SILAGE,ND,PRODUCTION,TONS,ANNUAL,2011,YEAR,2250000
3615,CORN,SILAGE,ND,PRODUCTION,TONS,ANNUAL,2012,YEAR,1800000
3616,CORN,SILAGE,ND,PRODUCTION,TONS,ANNUAL,2013,YEAR,1680000
3617,CORN,SILAGE,ND,PRODUCTION,TONS,ANNUAL,2014,YEAR,3335000
3618,CORN,SILAGE,ND,PRODUCTION,TONS,ANNUAL,2015,YEAR,2100000
3619,CORN,SILAGE,ND,PRODUCTION,TONS,ANNUAL,2016,YEAR,2625000
3620,CORN,SILAGE,ND,PRODUCTION,TONS,ANNUAL,2017,YEAR,1600000
3621,CORN,SILAGE,ND,PRODUCTION,TONS,ANNUAL,2018,YEAR,2550000
3622,CORN,SILAGE,ND,PRODUCTION,TONS,ANNUAL,2019,YEAR,2730000
3623,CORN,SILAGE,NE,PRODUCTION,TONS,ANNUAL,2000,YEAR,4060000
3624,CORN,SILAGE,NE,PRODUCTION,TONS,ANNUAL,2000,YEAR,2660000
3625,CORN,SILAGE,NE,PRODUCTION,TONS,ANNUAL,2000,YEAR,1400000
3626,CORN,SILAGE,NE,PRODUCTION,TONS,ANNUAL,2001,YEAR,4675000
3627,CORN,SILAGE,NE,PRODUCTION,TONS,ANNUAL,2001,YEAR,3177500
3628,CORN,SILAGE,NE,PRODUCTION,TONS,ANNUAL,2001,YEAR,1497500
3629,CORN,SILAGE,NE,PRODUCTION,TONS,ANNUAL,2002,YEAR,4725000
3630,CORN,SILAGE,NE,PRODUCTION,TONS,ANNUAL,2002,YEAR,2975000
3631,CORN,SILAGE,NE,PRODUCTION,TONS,ANNUAL,2002,YEAR,1750000
3632,CORN,SILAGE,NE,PRODUCTION,TONS,ANNUAL,2003,YEAR,3900000
3633,CORN,SILAGE,NE,PRODUCTION,TONS,ANNUAL,2003,YEAR,2325000
3634,CORN,SILAGE,NE,PRODUCTION,TONS,ANNUAL,2003,YEAR,1575000
3635,CORN,SILAGE,NE,PRODUCTION,TONS,ANNUAL,2004,YEAR,3795000
3636,CORN,SILAGE,NE,PRODUCTION,TONS,ANNUAL,2004,YEAR,2585000
3637,CORN,SILAGE,NE,PRODUCTION,TONS,ANNUAL,2004,YEAR,1210000
3638,CORN,SILAGE,NE,PRODUCTION,TONS,ANNUAL,2005,YEAR,3100000
3639,CORN,SILAGE,NE,PRODUCTION,TONS,ANNUAL,2005,YEAR,2050000
3640,CORN,SILAGE,NE,PRODUCTION,TONS,ANNUAL,2005,YEAR,1050000
3641,CORN,SILAGE,NE,PRODUCTION,TONS,ANNUAL,2006,YEAR,4200000
3642,CORN,SILAGE,NE,PRODUCTION,TONS,ANNUAL,2006,YEAR,2750000
3643,CORN,SILAGE,NE,PRODUCTION,TONS,ANNUAL,2006,YEAR,1450000
3644,CORN,SILAGE,NE,PRODUCTION,TONS,ANNUAL,2007,YEAR,2890000
3645,CORN,SILAGE,NE,PRODUCTION,TONS,ANNUAL,2007,YEAR,1915000
3646,CORN,SILAGE,NE,PRODUCTION,TONS,ANNUAL,2007,YEAR,975000
3647,CORN,SILAGE,NE,PRODUCTION,TONS,ANNUAL,2008,YEAR,2720000
3648,CORN,SILAGE,NE,PRODUCTION,TONS,ANNUAL,2008,YEAR,1907500
3649,CORN,SILAGE,NE,PRODUCTION,TONS,ANNUAL,2008,YEAR,812500
3650,CORN,SILAGE,NE,PRODUCTION,TONS,ANNUAL,2009,YEAR,3780000
3651,CORN,SILAGE,NE,PRODUCTION,TONS,ANNUAL,2010,YEAR,3330000
3652,CORN,SILAGE,NE,PRODUCTION,TONS,ANNUAL,2011,YEAR,2880000
3653,CORN,SILAGE,NE,PRODUCTION,TONS,ANNUAL,2012,YEAR,5500000
3654,CORN,SILAGE,NE,PRODUCTION,TONS,ANNUAL,2013,YEAR,4160000
3655,CORN,SILAGE,NE,PRODUCTION,TONS,ANNUAL,2014,YEAR,5460000
3656,CORN,SILAGE,NE,PRODUCTION,TONS,ANNUAL,2015,YEAR,4400000
3657,CORN,SILAGE,NE,PRODUCTION,TONS,ANNUAL,2016,YEAR,4680000
3658,CORN,SILAGE,NE,PRODUCTION,TONS,ANNUAL,2017,YEAR,4095000
3659,CORN,SILAGE,NE,PRODUCTION,TONS,ANNUAL,2018,YEAR,4620000
3660,CORN,SILAGE,NE,PRODUCTION,TONS,ANNUAL,2019,YEAR,4600000
3661,CORN,SILAGE,NH,PRODUCTION,TONS,ANNUAL,2000,YEAR,273000
3662,CORN,SILAGE,NH,PRODUCTION,TONS,ANNUAL,2001,YEAR,294000
3663,CORN,SILAGE,NH,PRODUCTION,TONS,ANNUAL,2002,YEAR,273000
3664,CORN,SILAGE,NH,PRODUCTION,TONS,ANNUAL,2003,YEAR,273000
3665,CORN,SILAGE,NH,PRODUCTION,TONS,ANNUAL,2004,YEAR,294000
3666,CORN,SILAGE,NH,PRODUCTION,TONS,ANNUAL,2005,YEAR,287000
3667,CORN,SILAGE,NH,PRODUCTION,TONS,ANNUAL,2006,YEAR,252000
3668,CORN,SILAGE,NH,PRODUCTION,TONS,ANNUAL,2007,YEAR,267000
3669,CORN,SILAGE,NH,PRODUCTION,TONS,ANNUAL,2008,YEAR,301000
3670,CORN,SILAGE,NH,PRODUCTION,TONS,ANNUAL,2009,YEAR,270000
3671,CORN,SILAGE,NH,PRODUCTION,TONS,ANNUAL,2010,YEAR,287000
3672,CORN,SILAGE,NH,PRODUCTION,TONS,ANNUAL,2011,YEAR,287000
3673,CORN,SILAGE,NH,PRODUCTION,TONS,ANNUAL,2012,YEAR,260000
3674,CORN,SILAGE,NH,PRODUCTION,TONS,ANNUAL,2013,YEAR,260000
3675,CORN,SILAGE,NH,PRODUCTION,TONS,ANNUAL,2014,YEAR,294000
3676,CORN,SILAGE,NH,PRODUCTION,TONS,ANNUAL,2015,YEAR,280000
3677,CORN,SILAGE,NH,PRODUCTION,TONS,ANNUAL,2016,YEAR,280000
3678,CORN,SILAGE,NH,PRODUCTION,TONS,ANNUAL,2017,YEAR,260000
3679,CORN,SILAGE,NH,PRODUCTION,TONS,ANNUAL,2018,YEAR,252000
3680,CORN,SILAGE,NH,PRODUCTION,TONS,ANNUAL,2019,YEAR,220000
3681,CORN,SILAGE,NJ,PRODUCTION,TONS,ANNUAL,2000,YEAR,238000
3682,CORN,SILAGE,NJ,PRODUCTION,TONS,ANNUAL,2001,YEAR,208000
3683,CORN,SILAGE,NJ,PRODUCTION,TONS,ANNUAL,2002,YEAR,198000
3684,CORN,SILAGE,NJ,PRODUCTION,TONS,ANNUAL,2003,YEAR,270000
3685,CORN,SILAGE,NJ,PRODUCTION,TONS,ANNUAL,2004,YEAR,260000
3686,CORN,SILAGE,NJ,PRODUCTION,TONS,ANNUAL,2005,YEAR,272000
3687,CORN,SILAGE,NJ,PRODUCTION,TONS,ANNUAL,2006,YEAR,255000
3688,CORN,SILAGE,NJ,PRODUCTION,TONS,ANNUAL,2007,YEAR,165000
3689,CORN,SILAGE,NJ,PRODUCTION,TONS,ANNUAL,2008,YEAR,170000
3690,CORN,SILAGE,NJ,PRODUCTION,TONS,ANNUAL,2009,YEAR,158000
3691,CORN,SILAGE,NJ,PRODUCTION,TONS,ANNUAL,2010,YEAR,124000
3692,CORN,SILAGE,NJ,PRODUCTION,TONS,ANNUAL,2011,YEAR,140000
3693,CORN,SILAGE,NJ,PRODUCTION,TONS,ANNUAL,2012,YEAR,120000
3694,CORN,SILAGE,NJ,PRODUCTION,TONS,ANNUAL,2013,YEAR,180000
3695,CORN,SILAGE,NJ,PRODUCTION,TONS,ANNUAL,2014,YEAR,100000
3696,CORN,SILAGE,NJ,PRODUCTION,TONS,ANNUAL,2015,YEAR,147000
3697,CORN,SILAGE,NJ,PRODUCTION,TONS,ANNUAL,2016,YEAR,80000
3698,CORN,SILAGE,NJ,PRODUCTION,TONS,ANNUAL,2017,YEAR,117000
3699,CORN,SILAGE,NJ,PRODUCTION,TONS,ANNUAL,2018,YEAR,114000
3700,CORN,SILAGE,NJ,PRODUCTION,TONS,ANNUAL,2019,YEAR,154000
3701,CORN,SILAGE,NM,PRODUCTION,TONS,ANNUAL,2000,YEAR,1886000
3702,CORN,SILAGE,NM,PRODUCTION,TONS,ANNUAL,2000,YEAR,1886000
3703,CORN,SILAGE,NM,PRODUCTION,TONS,ANNUAL,2001,YEAR,1886000
3704,CORN,SILAGE,NM,PRODUCTION,TONS,ANNUAL,2001,YEAR,1886000
3705,CORN,SILAGE,NM,PRODUCTION,TONS,ANNUAL,2002,YEAR,2160000
3706,CORN,SILAGE,NM,PRODUCTION,TONS,ANNUAL,2002,YEAR,2160000
3707,CORN,SILAGE,NM,PRODUCTION,TONS,ANNUAL,2003,YEAR,1840000
3708,CORN,SILAGE,NM,PRODUCTION,TONS,ANNUAL,2003,YEAR,1840000
3709,CORN,SILAGE,NM,PRODUCTION,TONS,ANNUAL,2004,YEAR,1650000
3710,CORN,SILAGE,NM,PRODUCTION,TONS,ANNUAL,2004,YEAR,1650000
3711,CORN,SILAGE,NM,PRODUCTION,TONS,ANNUAL,2005,YEAR,2016000
3712,CORN,SILAGE,NM,PRODUCTION,TONS,ANNUAL,2005,YEAR,2016000
3713,CORN,SILAGE,NM,PRODUCTION,TONS,ANNUAL,2006,YEAR,2100000
3714,CORN,SILAGE,NM,PRODUCTION,TONS,ANNUAL,2006,YEAR,2100000
3715,CORN,SILAGE,NM,PRODUCTION,TONS,ANNUAL,2007,YEAR,2000000
3716,CORN,SILAGE,NM,PRODUCTION,TONS,ANNUAL,2007,YEAR,2000000
3717,CORN,SILAGE,NM,PRODUCTION,TONS,ANNUAL,2008,YEAR,2075000
3718,CORN,SILAGE,NM,PRODUCTION,TONS,ANNUAL,2009,YEAR,2106000
3719,CORN,SILAGE,NM,PRODUCTION,TONS,ANNUAL,2010,YEAR,1944000
3720,CORN,SILAGE,NM,PRODUCTION,TONS,ANNUAL,2011,YEAR,1944000
3721,CORN,SILAGE,NM,PRODUCTION,TONS,ANNUAL,2012,YEAR,1920000
3722,CORN,SILAGE,NM,PRODUCTION,TONS,ANNUAL,2013,YEAR,1975000
3723,CORN,SILAGE,NM,PRODUCTION,TONS,ANNUAL,2014,YEAR,1898000
3724,CORN,SILAGE,NM,PRODUCTION,TONS,ANNUAL,2015,YEAR,2075000
3725,CORN,SILAGE,NM,PRODUCTION,TONS,ANNUAL,2016,YEAR,1725000
3726,CORN,SILAGE,NM,PRODUCTION,TONS,ANNUAL,2017,YEAR,2000000
3727,CORN,SILAGE,NM,PRODUCTION,TONS,ANNUAL,2018,YEAR,2090000
3728,CORN,SILAGE,NM,PRODUCTION,TONS,ANNUAL,2019,YEAR,1860000
3729,CORN,SILAGE,NV,PRODUCTION,TONS,ANNUAL,2000,YEAR,75000
3730,CORN,SILAGE,NV,PRODUCTION,TONS,ANNUAL,2001,YEAR,66000
3731,CORN,SILAGE,NV,PRODUCTION,TONS,ANNUAL,2002,YEAR,80000
3732,CORN,SILAGE,NV,PRODUCTION,TONS,ANNUAL,2003,YEAR,92000
3733,CORN,SILAGE,NV,PRODUCTION,TONS,ANNUAL,2004,YEAR,88000
3734,CORN,SILAGE,NV,PRODUCTION,TONS,ANNUAL,2005,YEAR,115000
3735,CORN,SILAGE,NV,PRODUCTION,TONS,ANNUAL,2006,YEAR,100000
3736,CORN,SILAGE,NV,PRODUCTION,TONS,ANNUAL,2007,YEAR,125000
3737,CORN,SILAGE,NV,PRODUCTION,TONS,ANNUAL,2008,YEAR,130000
3738,CORN,SILAGE,NV,PRODUCTION,TONS,ANNUAL,2009,YEAR,96000
3739,CORN,SILAGE,NV,PRODUCTION,TONS,ANNUAL,2010,YEAR,100000
3740,CORN,SILAGE,NV,PRODUCTION,TONS,ANNUAL,2011,YEAR,200000
3741,CORN,SILAGE,NV,PRODUCTION,TONS,ANNUAL,2012,YEAR,144000
3742,CORN,SILAGE,NV,PRODUCTION,TONS,ANNUAL,2013,YEAR,144000
3743,CORN,SILAGE,NV,PRODUCTION,TONS,ANNUAL,2014,YEAR,60000
3744,CORN,SILAGE,NV,PRODUCTION,TONS,ANNUAL,2015,YEAR,48000
3745,CORN,SILAGE,NV,PRODUCTION,TONS,ANNUAL,2016,YEAR,168000
3746,CORN,SILAGE,NV,PRODUCTION,TONS,ANNUAL,2017,YEAR,240000
3747,CORN,SILAGE,NV,PRODUCTION,TONS,ANNUAL,2018,YEAR,182000
3748,CORN,SILAGE,NV,PRODUCTION,TONS,ANNUAL,2019,YEAR,300000
3749,CORN,SILAGE,NY,PRODUCTION,TONS,ANNUAL,2000,YEAR,7420000
3750,CORN,SILAGE,NY,PRODUCTION,TONS,ANNUAL,2001,YEAR,7760000
3751,CORN,SILAGE,NY,PRODUCTION,TONS,ANNUAL,2002,YEAR,7700000
3752,CORN,SILAGE,NY,PRODUCTION,TONS,ANNUAL,2003,YEAR,9625000
3753,CORN,SILAGE,NY,PRODUCTION,TONS,ANNUAL,2004,YEAR,7990000
3754,CORN,SILAGE,NY,PRODUCTION,TONS,ANNUAL,2005,YEAR,8840000
3755,CORN,SILAGE,NY,PRODUCTION,TONS,ANNUAL,2006,YEAR,8280000
3756,CORN,SILAGE,NY,PRODUCTION,TONS,ANNUAL,2007,YEAR,8585000
3757,CORN,SILAGE,NY,PRODUCTION,TONS,ANNUAL,2008,YEAR,8900000
3758,CORN,SILAGE,NY,PRODUCTION,TONS,ANNUAL,2009,YEAR,8460000
3759,CORN,SILAGE,NY,PRODUCTION,TONS,ANNUAL,2010,YEAR,8645000
3760,CORN,SILAGE,NY,PRODUCTION,TONS,ANNUAL,2011,YEAR,7520000
3761,CORN,SILAGE,NY,PRODUCTION,TONS,ANNUAL,2012,YEAR,8075000
3762,CORN,SILAGE,NY,PRODUCTION,TONS,ANNUAL,2013,YEAR,8500000
3763,CORN,SILAGE,NY,PRODUCTION,TONS,ANNUAL,2014,YEAR,8100000
3764,CORN,SILAGE,NY,PRODUCTION,TONS,ANNUAL,2015,YEAR,8160000
3765,CORN,SILAGE,NY,PRODUCTION,TONS,ANNUAL,2016,YEAR,8160000
3766,CORN,SILAGE,NY,PRODUCTION,TONS,ANNUAL,2017,YEAR,8910000
3767,CORN,SILAGE,NY,PRODUCTION,TONS,ANNUAL,2018,YEAR,8455000
3768,CORN,SILAGE,NY,PRODUCTION,TONS,ANNUAL,2019,YEAR,8010000
3769,CORN,SILAGE,OH,PRODUCTION,TONS,ANNUAL,2000,YEAR,2880000
3770,CORN,SILAGE,OH,PRODUCTION,TONS,ANNUAL,2001,YEAR,2890000
3771,CORN,SILAGE,OH,PRODUCTION,TONS,ANNUAL,2002,YEAR,2500000
3772,CORN,SILAGE,OH,PRODUCTION,TONS,ANNUAL,2003,YEAR,3230000
3773,CORN,SILAGE,OH,PRODUCTION,TONS,ANNUAL,2004,YEAR,3230000
3774,CORN,SILAGE,OH,PRODUCTION,TONS,ANNUAL,2005,YEAR,2720000
3775,CORN,SILAGE,OH,PRODUCTION,TONS,ANNUAL,2006,YEAR,2550000
3776,CORN,SILAGE,OH,PRODUCTION,TONS,ANNUAL,2007,YEAR,3060000
3777,CORN,SILAGE,OH,PRODUCTION,TONS,ANNUAL,2008,YEAR,2380000
3778,CORN,SILAGE,OH,PRODUCTION,TONS,ANNUAL,2009,YEAR,3400000
3779,CORN,SILAGE,OH,PRODUCTION,TONS,ANNUAL,2010,YEAR,2380000
3780,CORN,SILAGE,OH,PRODUCTION,TONS,ANNUAL,2011,YEAR,2520000
3781,CORN,SILAGE,OH,PRODUCTION,TONS,ANNUAL,2012,YEAR,3000000
3782,CORN,SILAGE,OH,PRODUCTION,TONS,ANNUAL,2013,YEAR,2340000
3783,CORN,SILAGE,OH,PRODUCTION,TONS,ANNUAL,2014,YEAR,3690000
3784,CORN,SILAGE,OH,PRODUCTION,TONS,ANNUAL,2015,YEAR,4800000
3785,CORN,SILAGE,OH,PRODUCTION,TONS,ANNUAL,2016,YEAR,3255000
3786,CORN,SILAGE,OH,PRODUCTION,TONS,ANNUAL,2017,YEAR,4200000
3787,CORN,SILAGE,OH,PRODUCTION,TONS,ANNUAL,2018,YEAR,3200000
3788,CORN,SILAGE,OH,PRODUCTION,TONS,ANNUAL,2019,YEAR,3230000
3789,CORN,SILAGE,OK,PRODUCTION,TONS,ANNUAL,2000,YEAR,425000
3790,CORN,SILAGE,OK,PRODUCTION,TONS,ANNUAL,2000,YEAR,215000
3791,CORN,SILAGE,OK,PRODUCTION,TONS,ANNUAL,2000,YEAR,210000
3792,CORN,SILAGE,OK,PRODUCTION,TONS,ANNUAL,2001,YEAR,459000
3793,CORN,SILAGE,OK,PRODUCTION,TONS,ANNUAL,2001,YEAR,289000
3794,CORN,SILAGE,OK,PRODUCTION,TONS,ANNUAL,2001,YEAR,170000
3795,CORN,SILAGE,OK,PRODUCTION,TONS,ANNUAL,2002,YEAR,551000
3796,CORN,SILAGE,OK,PRODUCTION,TONS,ANNUAL,2002,YEAR,405000
3797,CORN,SILAGE,OK,PRODUCTION,TONS,ANNUAL,2002,YEAR,146000
3798,CORN,SILAGE,OK,PRODUCTION,TONS,ANNUAL,2003,YEAR,432000
3799,CORN,SILAGE,OK,PRODUCTION,TONS,ANNUAL,2003,YEAR,225000
3800,CORN,SILAGE,OK,PRODUCTION,TONS,ANNUAL,2003,YEAR,207000
3801,CORN,SILAGE,OK,PRODUCTION,TONS,ANNUAL,2004,YEAR,570000
3802,CORN,SILAGE,OK,PRODUCTION,TONS,ANNUAL,2004,YEAR,420000
3803,CORN,SILAGE,OK,PRODUCTION,TONS,ANNUAL,2004,YEAR,150000
3804,CORN,SILAGE,OK,PRODUCTION,TONS,ANNUAL,2005,YEAR,486000
3805,CORN,SILAGE,OK,PRODUCTION,TONS,ANNUAL,2006,YEAR,595000
3806,CORN,SILAGE,OK,PRODUCTION,TONS,ANNUAL,2007,YEAR,585000
3807,CORN,SILAGE,OK,PRODUCTION,TONS,ANNUAL,2008,YEAR,495000
3808,CORN,SILAGE,OK,PRODUCTION,TONS,ANNUAL,2009,YEAR,350000
3809,CORN,SILAGE,OK,PRODUCTION,TONS,ANNUAL,2010,YEAR,320000
3810,CORN,SILAGE,OK,PRODUCTION,TONS,ANNUAL,2011,YEAR,358000
3811,CORN,SILAGE,OK,PRODUCTION,TONS,ANNUAL,2012,YEAR,450000
3812,CORN,SILAGE,OK,PRODUCTION,TONS,ANNUAL,2013,YEAR,777000
3813,CORN,SILAGE,OK,PRODUCTION,TONS,ANNUAL,2014,YEAR,340000
3814,CORN,SILAGE,OK,PRODUCTION,TONS,ANNUAL,2015,YEAR,255000
3815,CORN,SILAGE,OK,PRODUCTION,TONS,ANNUAL,2016,YEAR,300000
3816,CORN,SILAGE,OK,PRODUCTION,TONS,ANNUAL,2017,YEAR,400000
3817,CORN,SILAGE,OK,PRODUCTION,TONS,ANNUAL,2018,YEAR,220000
3818,CORN,SILAGE,OK,PRODUCTION,TONS,ANNUAL,2019,YEAR,260000
3819,CORN,SILAGE,OR,PRODUCTION,TONS,ANNUAL,2000,YEAR,621000
3820,CORN,SILAGE,OR,PRODUCTION,TONS,ANNUAL,2001,YEAR,546000
3821,CORN,SILAGE,OR,PRODUCTION,TONS,ANNUAL,2002,YEAR,598000
3822,CORN,SILAGE,OR,PRODUCTION,TONS,ANNUAL,2003,YEAR,440000
3823,CORN,SILAGE,OR,PRODUCTION,TONS,ANNUAL,2004,YEAR,750000
3824,CORN,SILAGE,OR,PRODUCTION,TONS,ANNUAL,2005,YEAR,728000
3825,CORN,SILAGE,OR,PRODUCTION,TONS,ANNUAL,2006,YEAR,572000
3826,CORN,SILAGE,OR,PRODUCTION,TONS,ANNUAL,2007,YEAR,638000
3827,CORN,SILAGE,OR,PRODUCTION,TONS,ANNUAL,2008,YEAR,810000
3828,CORN,SILAGE,OR,PRODUCTION,TONS,ANNUAL,2009,YEAR,728000
3829,CORN,SILAGE,OR,PRODUCTION,TONS,ANNUAL,2010,YEAR,864000
3830,CORN,SILAGE,OR,PRODUCTION,TONS,ANNUAL,2011,YEAR,868000
3831,CORN,SILAGE,OR,PRODUCTION,TONS,ANNUAL,2012,YEAR,864000
3832,CORN,SILAGE,OR,PRODUCTION,TONS,ANNUAL,2013,YEAR,1161000
3833,CORN,SILAGE,OR,PRODUCTION,TONS,ANNUAL,2014,YEAR,1000000
3834,CORN,SILAGE,OR,PRODUCTION,TONS,ANNUAL,2015,YEAR,816000
3835,CORN,SILAGE,OR,PRODUCTION,TONS,ANNUAL,2016,YEAR,1080000
3836,CORN,SILAGE,OR,PRODUCTION,TONS,ANNUAL,2017,YEAR,960000
3837,CORN,SILAGE,OR,PRODUCTION,TONS,ANNUAL,2018,YEAR,782000
3838,CORN,SILAGE,OR,PRODUCTION,TONS,ANNUAL,2019,YEAR,840000
3839,CORN,SILAGE,PA,PRODUCTION,TONS,ANNUAL,2000,YEAR,7820000
3840,CORN,SILAGE,PA,PRODUCTION,TONS,ANNUAL,2001,YEAR,7520000
3841,CORN,SILAGE,PA,PRODUCTION,TONS,ANNUAL,2002,YEAR,6210000
3842,CORN,SILAGE,PA,PRODUCTION,TONS,ANNUAL,2003,YEAR,7975000
3843,CORN,SILAGE,PA,PRODUCTION,TONS,ANNUAL,2004,YEAR,7200000
3844,CORN,SILAGE,PA,PRODUCTION,TONS,ANNUAL,2005,YEAR,6840000
3845,CORN,SILAGE,PA,PRODUCTION,TONS,ANNUAL,2006,YEAR,6840000
3846,CORN,SILAGE,PA,PRODUCTION,TONS,ANNUAL,2007,YEAR,7095000
3847,CORN,SILAGE,PA,PRODUCTION,TONS,ANNUAL,2008,YEAR,8325000
3848,CORN,SILAGE,PA,PRODUCTION,TONS,ANNUAL,2009,YEAR,8190000
3849,CORN,SILAGE,PA,PRODUCTION,TONS,ANNUAL,2010,YEAR,7200000
3850,CORN,SILAGE,PA,PRODUCTION,TONS,ANNUAL,2011,YEAR,6510000
3851,CORN,SILAGE,PA,PRODUCTION,TONS,ANNUAL,2012,YEAR,7740000
3852,CORN,SILAGE,PA,PRODUCTION,TONS,ANNUAL,2013,YEAR,7790000
3853,CORN,SILAGE,PA,PRODUCTION,TONS,ANNUAL,2014,YEAR,8200000
3854,CORN,SILAGE,PA,PRODUCTION,TONS,ANNUAL,2015,YEAR,7800000
3855,CORN,SILAGE,PA,PRODUCTION,TONS,ANNUAL,2016,YEAR,7700000
3856,CORN,SILAGE,PA,PRODUCTION,TONS,ANNUAL,2017,YEAR,9030000
3857,CORN,SILAGE,PA,PRODUCTION,TONS,ANNUAL,2018,YEAR,7410000
3858,CORN,SILAGE,PA,PRODUCTION,TONS,ANNUAL,2019,YEAR,7600000
3859,CORN,SILAGE,RI,PRODUCTION,TONS,ANNUAL,2000,YEAR,36000
3860,CORN,SILAGE,RI,PRODUCTION,TONS,ANNUAL,2001,YEAR,40000
3861,CORN,SILAGE,RI,PRODUCTION,TONS,ANNUAL,2002,YEAR,33000
3862,CORN,SILAGE,RI,PRODUCTION,TONS,ANNUAL,2003,YEAR,36000
3863,CORN,SILAGE,RI,PRODUCTION,TONS,ANNUAL,2004,YEAR,40000
3864,CORN,SILAGE,RI,PRODUCTION,TONS,ANNUAL,2005,YEAR,40000
3865,CORN,SILAGE,RI,PRODUCTION,TONS,ANNUAL,2006,YEAR,41000
3866,CORN,SILAGE,RI,PRODUCTION,TONS,ANNUAL,2007,YEAR,40000
3867,CORN,SILAGE,RI,PRODUCTION,TONS,ANNUAL,2008,YEAR,41000
3868,CORN,SILAGE,RI,PRODUCTION,TONS,ANNUAL,2009,YEAR,25000
3869,CORN,SILAGE,RI,PRODUCTION,TONS,ANNUAL,2010,YEAR,42000
3870,CORN,SILAGE,RI,PRODUCTION,TONS,ANNUAL,2011,YEAR,32000
3871,CORN,SILAGE,RI,PRODUCTION,TONS,ANNUAL,2012,YEAR,40000
3872,CORN,SILAGE,RI,PRODUCTION,TONS,ANNUAL,2013,YEAR,41000
3873,CORN,SILAGE,RI,PRODUCTION,TONS,ANNUAL,2014,YEAR,40000
3874,CORN,SILAGE,RI,PRODUCTION,TONS,ANNUAL,2015,YEAR,34000
3875,CORN,SILAGE,RI,PRODUCTION,TONS,ANNUAL,2016,YEAR,37000
3876,CORN,SILAGE,RI,PRODUCTION,TONS,ANNUAL,2017,YEAR,36000
3877,CORN,SILAGE,RI,PRODUCTION,TONS,ANNUAL,2018,YEAR,42000
3878,CORN,SILAGE,RI,PRODUCTION,TONS,ANNUAL,2019,YEAR,40000
3879,CORN,SILAGE,SC,PRODUCTION,TONS,ANNUAL,2000,YEAR,120000
3880,CORN,SILAGE,SC,PRODUCTION,TONS,ANNUAL,2001,YEAR,300000
3881,CORN,SILAGE,SC,PRODUCTION,TONS,ANNUAL,2002,YEAR,180000
3882,CORN,SILAGE,SC,PRODUCTION,TONS,ANNUAL,2003,YEAR,105000
3883,CORN,SILAGE,SC,PRODUCTION,TONS,ANNUAL,2004,YEAR,192000
3884,CORN,SILAGE,SC,PRODUCTION,TONS,ANNUAL,2005,YEAR,180000
3885,CORN,SILAGE,SC,PRODUCTION,TONS,ANNUAL,2006,YEAR,210000
3886,CORN,SILAGE,SC,PRODUCTION,TONS,ANNUAL,2007,YEAR,168000
3887,CORN,SILAGE,SC,PRODUCTION,TONS,ANNUAL,2008,YEAR,252000
3888,CORN,SILAGE,SC,PRODUCTION,TONS,ANNUAL,2009,YEAR,160000
3889,CORN,SILAGE,SC,PRODUCTION,TONS,ANNUAL,2010,YEAR,160000
3890,CORN,SILAGE,SC,PRODUCTION,TONS,ANNUAL,2011,YEAR,168000
3891,CORN,SILAGE,SC,PRODUCTION,TONS,ANNUAL,2012,YEAR,208000
3892,CORN,SILAGE,SC,PRODUCTION,TONS,ANNUAL,2013,YEAR,180000
3893,CORN,SILAGE,SC,PRODUCTION,TONS,ANNUAL,2014,YEAR,154000
3894,CORN,SILAGE,SC,PRODUCTION,TONS,ANNUAL,2015,YEAR,182000
3895,CORN,SILAGE,SC,PRODUCTION,TONS,ANNUAL,2016,YEAR,182000
3896,CORN,SILAGE,SC,PRODUCTION,TONS,ANNUAL,2017,YEAR,288000
3897,CORN,SILAGE,SC,PRODUCTION,TONS,ANNUAL,2018,YEAR,266000
3898,CORN,SILAGE,SC,PRODUCTION,TONS,ANNUAL,2019,YEAR,182000
3899,CORN,SILAGE,SD,PRODUCTION,TONS,ANNUAL,2000,YEAR,5175000
3900,CORN,SILAGE,SD,PRODUCTION,TONS,ANNUAL,2000,YEAR,218000
3901,CORN,SILAGE,SD,PRODUCTION,TONS,ANNUAL,2000,YEAR,4957000
3902,CORN,SILAGE,SD,PRODUCTION,TONS,ANNUAL,2001,YEAR,3885000
3903,CORN,SILAGE,SD,PRODUCTION,TONS,ANNUAL,2001,YEAR,142000
3904,CORN,SILAGE,SD,PRODUCTION,TONS,ANNUAL,2001,YEAR,3743000
3905,CORN,SILAGE,SD,PRODUCTION,TONS,ANNUAL,2002,YEAR,5655000
3906,CORN,SILAGE,SD,PRODUCTION,TONS,ANNUAL,2002,YEAR,192400
3907,CORN,SILAGE,SD,PRODUCTION,TONS,ANNUAL,2002,YEAR,5462600
3908,CORN,SILAGE,SD,PRODUCTION,TONS,ANNUAL,2003,YEAR,3995000
3909,CORN,SILAGE,SD,PRODUCTION,TONS,ANNUAL,2003,YEAR,159000
3910,CORN,SILAGE,SD,PRODUCTION,TONS,ANNUAL,2003,YEAR,3836000
3911,CORN,SILAGE,SD,PRODUCTION,TONS,ANNUAL,2004,YEAR,4950000
3912,CORN,SILAGE,SD,PRODUCTION,TONS,ANNUAL,2004,YEAR,215000
3913,CORN,SILAGE,SD,PRODUCTION,TONS,ANNUAL,2004,YEAR,4735000
3914,CORN,SILAGE,SD,PRODUCTION,TONS,ANNUAL,2005,YEAR,4620000
3915,CORN,SILAGE,SD,PRODUCTION,TONS,ANNUAL,2005,YEAR,135000
3916,CORN,SILAGE,SD,PRODUCTION,TONS,ANNUAL,2005,YEAR,4485000
3917,CORN,SILAGE,SD,PRODUCTION,TONS,ANNUAL,2006,YEAR,5100000
3918,CORN,SILAGE,SD,PRODUCTION,TONS,ANNUAL,2006,YEAR,130000
3919,CORN,SILAGE,SD,PRODUCTION,TONS,ANNUAL,2006,YEAR,4970000
3920,CORN,SILAGE,SD,PRODUCTION,TONS,ANNUAL,2007,YEAR,4600000
3921,CORN,SILAGE,SD,PRODUCTION,TONS,ANNUAL,2007,YEAR,170000
3922,CORN,SILAGE,SD,PRODUCTION,TONS,ANNUAL,2007,YEAR,4430000
3923,CORN,SILAGE,SD,PRODUCTION,TONS,ANNUAL,2008,YEAR,3600000
3924,CORN,SILAGE,SD,PRODUCTION,TONS,ANNUAL,2008,YEAR,155000
3925,CORN,SILAGE,SD,PRODUCTION,TONS,ANNUAL,2008,YEAR,3445000
3926,CORN,SILAGE,SD,PRODUCTION,TONS,ANNUAL,2009,YEAR,4000000
3927,CORN,SILAGE,SD,PRODUCTION,TONS,ANNUAL,2010,YEAR,3645000
3928,CORN,SILAGE,SD,PRODUCTION,TONS,ANNUAL,2011,YEAR,3100000
3929,CORN,SILAGE,SD,PRODUCTION,TONS,ANNUAL,2012,YEAR,5100000
3930,CORN,SILAGE,SD,PRODUCTION,TONS,ANNUAL,2013,YEAR,3640000
3931,CORN,SILAGE,SD,PRODUCTION,TONS,ANNUAL,2014,YEAR,6200000
3932,CORN,SILAGE,SD,PRODUCTION,TONS,ANNUAL,2015,YEAR,5280000
3933,CORN,SILAGE,SD,PRODUCTION,TONS,ANNUAL,2016,YEAR,7350000
3934,CORN,SILAGE,SD,PRODUCTION,TONS,ANNUAL,2017,YEAR,6375000
3935,CORN,SILAGE,SD,PRODUCTION,TONS,ANNUAL,2018,YEAR,5940000
3936,CORN,SILAGE,SD,PRODUCTION,TONS,ANNUAL,2019,YEAR,5950000
3937,CORN,SILAGE,TN,PRODUCTION,TONS,ANNUAL,2000,YEAR,1105000
3938,CORN,SILAGE,TN,PRODUCTION,TONS,ANNUAL,2001,YEAR,1235000
3939,CORN,SILAGE,TN,PRODUCTION,TONS,ANNUAL,2002,YEAR,975000
3940,CORN,SILAGE,TN,PRODUCTION,TONS,ANNUAL,2003,YEAR,1020000
3941,CORN,SILAGE,TN,PRODUCTION,TONS,ANNUAL,2004,YEAR,1045000
3942,CORN,SILAGE,TN,PRODUCTION,TONS,ANNUAL,2005,YEAR,950000
3943,CORN,SILAGE,TN,PRODUCTION,TONS,ANNUAL,2006,YEAR,752000
3944,CORN,SILAGE,TN,PRODUCTION,TONS,ANNUAL,2007,YEAR,605000
3945,CORN,SILAGE,TN,PRODUCTION,TONS,ANNUAL,2008,YEAR,900000
3946,CORN,SILAGE,TN,PRODUCTION,TONS,ANNUAL,2009,YEAR,1050000
3947,CORN,SILAGE,TN,PRODUCTION,TONS,ANNUAL,2010,YEAR,720000
3948,CORN,SILAGE,TN,PRODUCTION,TONS,ANNUAL,2011,YEAR,646000
3949,CORN,SILAGE,TN,PRODUCTION,TONS,ANNUAL,2012,YEAR,650000
3950,CORN,SILAGE,TN,PRODUCTION,TONS,ANNUAL,2013,YEAR,1140000
3951,CORN,SILAGE,TN,PRODUCTION,TONS,ANNUAL,2014,YEAR,1260000
3952,CORN,SILAGE,TN,PRODUCTION,TONS,ANNUAL,2015,YEAR,720000
3953,CORN,SILAGE,TN,PRODUCTION,TONS,ANNUAL,2016,YEAR,760000
3954,CORN,SILAGE,TN,PRODUCTION,TONS,ANNUAL,2017,YEAR,660000
3955,CORN,SILAGE,TN,PRODUCTION,TONS,ANNUAL,2018,YEAR,722000
3956,CORN,SILAGE,TN,PRODUCTION,TONS,ANNUAL,2019,YEAR,800000
3957,CORN,SILAGE,TX,PRODUCTION,TONS,ANNUAL,2000,YEAR,2600000
3958,CORN,SILAGE,TX,PRODUCTION,TONS,ANNUAL,2000,YEAR,1606000
3959,CORN,SILAGE,TX,PRODUCTION,TONS,ANNUAL,2000,YEAR,994000
3960,CORN,SILAGE,TX,PRODUCTION,TONS,ANNUAL,2001,YEAR,2210000
3961,CORN,SILAGE,TX,PRODUCTION,TONS,ANNUAL,2001,YEAR,1713400
3962,CORN,SILAGE,TX,PRODUCTION,TONS,ANNUAL,2001,YEAR,496600
3963,CORN,SILAGE,TX,PRODUCTION,TONS,ANNUAL,2002,YEAR,2405000
3964,CORN,SILAGE,TX,PRODUCTION,TONS,ANNUAL,2002,YEAR,2087500
3965,CORN,SILAGE,TX,PRODUCTION,TONS,ANNUAL,2002,YEAR,317500
3966,CORN,SILAGE,TX,PRODUCTION,TONS,ANNUAL,2003,YEAR,2160000
3967,CORN,SILAGE,TX,PRODUCTION,TONS,ANNUAL,2003,YEAR,1738000
3968,CORN,SILAGE,TX,PRODUCTION,TONS,ANNUAL,2003,YEAR,422000
3969,CORN,SILAGE,TX,PRODUCTION,TONS,ANNUAL,2004,YEAR,2530000
3970,CORN,SILAGE,TX,PRODUCTION,TONS,ANNUAL,2004,YEAR,2000000
3971,CORN,SILAGE,TX,PRODUCTION,TONS,ANNUAL,2004,YEAR,530000
3972,CORN,SILAGE,TX,PRODUCTION,TONS,ANNUAL,2005,YEAR,2600000
3973,CORN,SILAGE,TX,PRODUCTION,TONS,ANNUAL,2005,YEAR,2140000
3974,CORN,SILAGE,TX,PRODUCTION,TONS,ANNUAL,2005,YEAR,460000
3975,CORN,SILAGE,TX,PRODUCTION,TONS,ANNUAL,2006,YEAR,2400000
3976,CORN,SILAGE,TX,PRODUCTION,TONS,ANNUAL,2006,YEAR,1934000
3977,CORN,SILAGE,TX,PRODUCTION,TONS,ANNUAL,2006,YEAR,466000
3978,CORN,SILAGE,TX,PRODUCTION,TONS,ANNUAL,2007,YEAR,3450000
3979,CORN,SILAGE,TX,PRODUCTION,TONS,ANNUAL,2007,YEAR,3000000
3980,CORN,SILAGE,TX,PRODUCTION,TONS,ANNUAL,2007,YEAR,450000
3981,CORN,SILAGE,TX,PRODUCTION,TONS,ANNUAL,2008,YEAR,3780000
3982,CORN,SILAGE,TX,PRODUCTION,TONS,ANNUAL,2008,YEAR,3060000
3983,CORN,SILAGE,TX,PRODUCTION,TONS,ANNUAL,2008,YEAR,720000
3984,CORN,SILAGE,TX,PRODUCTION,TONS,ANNUAL,2009,YEAR,2940000
3985,CORN,SILAGE,TX,PRODUCTION,TONS,ANNUAL,2010,YEAR,2520000
3986,CORN,SILAGE,TX,PRODUCTION,TONS,ANNUAL,2011,YEAR,2640000
3987,CORN,SILAGE,TX,PRODUCTION,TONS,ANNUAL,2012,YEAR,3610000
3988,CORN,SILAGE,TX,PRODUCTION,TONS,ANNUAL,2013,YEAR,4180000
3989,CORN,SILAGE,TX,PRODUCTION,TONS,ANNUAL,2014,YEAR,4620000
3990,CORN,SILAGE,TX,PRODUCTION,TONS,ANNUAL,2015,YEAR,5250000
3991,CORN,SILAGE,TX,PRODUCTION,TONS,ANNUAL,2016,YEAR,4250000
3992,CORN,SILAGE,TX,PRODUCTION,TONS,ANNUAL,2017,YEAR,3300000
3993,CORN,SILAGE,TX,PRODUCTION,TONS,ANNUAL,2018,YEAR,4320000
3994,CORN,SILAGE,TX,PRODUCTION,TONS,ANNUAL,2019,YEAR,5600000
3995,CORN,SILAGE,UT,PRODUCTION,TONS,ANNUAL,2000,YEAR,945000
3996,CORN,SILAGE,UT,PRODUCTION,TONS,ANNUAL,2001,YEAR,924000
3997,CORN,SILAGE,UT,PRODUCTION,TONS,ANNUAL,2002,YEAR,840000
3998,CORN,SILAGE,UT,PRODUCTION,TONS,ANNUAL,2003,YEAR,861000
3999,CORN,SILAGE,UT,PRODUCTION,TONS,ANNUAL,2004,YEAR,924000
4000,CORN,SILAGE,UT,PRODUCTION,TONS,ANNUAL,2005,YEAR,924000
4001,CORN,SILAGE,UT,PRODUCTION,TONS,ANNUAL,2006,YEAR,1034000
4002,CORN,SILAGE,UT,PRODUCTION,TONS,ANNUAL,2007,YEAR,987000
4003,CORN,SILAGE,UT,PRODUCTION,TONS,ANNUAL,2008,YEAR,1081000
4004,CORN,SILAGE,UT,PRODUCTION,TONS,ANNUAL,2009,YEAR,1081000
4005,CORN,SILAGE,UT,PRODUCTION,TONS,ANNUAL,2010,YEAR,1058000
4006,CORN,SILAGE,UT,PRODUCTION,TONS,ANNUAL,2011,YEAR,1350000
4007,CORN,SILAGE,UT,PRODUCTION,TONS,ANNUAL,2012,YEAR,1232000
4008,CORN,SILAGE,UT,PRODUCTION,TONS,ANNUAL,2013,YEAR,1127000
4009,CORN,SILAGE,UT,PRODUCTION,TONS,ANNUAL,2014,YEAR,990000
4010,CORN,SILAGE,UT,PRODUCTION,TONS,ANNUAL,2015,YEAR,1035000
4011,CORN,SILAGE,UT,PRODUCTION,TONS,ANNUAL,2016,YEAR,1176000
4012,CORN,SILAGE,UT,PRODUCTION,TONS,ANNUAL,2017,YEAR,1400000
4013,CORN,SILAGE,UT,PRODUCTION,TONS,ANNUAL,2018,YEAR,1035000
4014,CORN,SILAGE,UT,PRODUCTION,TONS,ANNUAL,2019,YEAR,1320000
4015,CORN,SILAGE,VA,PRODUCTION,TONS,ANNUAL,2000,YEAR,2565000
4016,CORN,SILAGE,VA,PRODUCTION,TONS,ANNUAL,2001,YEAR,2093000
4017,CORN,SILAGE,VA,PRODUCTION,TONS,ANNUAL,2002,YEAR,1783000
4018,CORN,SILAGE,VA,PRODUCTION,TONS,ANNUAL,2003,YEAR,2363000
4019,CORN,SILAGE,VA,PRODUCTION,TONS,ANNUAL,2004,YEAR,2700000
4020,CORN,SILAGE,VA,PRODUCTION,TONS,ANNUAL,2005,YEAR,2125000
4021,CORN,SILAGE,VA,PRODUCTION,TONS,ANNUAL,2006,YEAR,2275000
4022,CORN,SILAGE,VA,PRODUCTION,TONS,ANNUAL,2007,YEAR,1820000
4023,CORN,SILAGE,VA,PRODUCTION,TONS,ANNUAL,2008,YEAR,2000000
4024,CORN,SILAGE,VA,PRODUCTION,TONS,ANNUAL,2009,YEAR,2498000
4025,CORN,SILAGE,VA,PRODUCTION,TONS,ANNUAL,2010,YEAR,1938000
4026,CORN,SILAGE,VA,PRODUCTION,TONS,ANNUAL,2011,YEAR,2145000
4027,CORN,SILAGE,VA,PRODUCTION,TONS,ANNUAL,2012,YEAR,1950000
4028,CORN,SILAGE,VA,PRODUCTION,TONS,ANNUAL,2013,YEAR,2500000
4029,CORN,SILAGE,VA,PRODUCTION,TONS,ANNUAL,2014,YEAR,2438000
4030,CORN,SILAGE,VA,PRODUCTION,TONS,ANNUAL,2015,YEAR,2625000
4031,CORN,SILAGE,VA,PRODUCTION,TONS,ANNUAL,2016,YEAR,2600000
4032,CORN,SILAGE,VA,PRODUCTION,TONS,ANNUAL,2017,YEAR,2430000
4033,CORN,SILAGE,VA,PRODUCTION,TONS,ANNUAL,2018,YEAR,2565000
4034,CORN,SILAGE,VA,PRODUCTION,TONS,ANNUAL,2019,YEAR,2565000
4035,CORN,SILAGE,VT,PRODUCTION,TONS,ANNUAL,2000,YEAR,1403000
4036,CORN,SILAGE,VT,PRODUCTION,TONS,ANNUAL,2001,YEAR,1615000
4037,CORN,SILAGE,VT,PRODUCTION,TONS,ANNUAL,2002,YEAR,1456000
4038,CORN,SILAGE,VT,PRODUCTION,TONS,ANNUAL,2003,YEAR,1684000
4039,CORN,SILAGE,VT,PRODUCTION,TONS,ANNUAL,2004,YEAR,1755000
4040,CORN,SILAGE,VT,PRODUCTION,TONS,ANNUAL,2005,YEAR,1845000
4041,CORN,SILAGE,VT,PRODUCTION,TONS,ANNUAL,2006,YEAR,1053000
4042,CORN,SILAGE,VT,PRODUCTION,TONS,ANNUAL,2007,YEAR,1653000
4043,CORN,SILAGE,VT,PRODUCTION,TONS,ANNUAL,2008,YEAR,1634000
4044,CORN,SILAGE,VT,PRODUCTION,TONS,ANNUAL,2009,YEAR,1411000
4045,CORN,SILAGE,VT,PRODUCTION,TONS,ANNUAL,2010,YEAR,1573000
4046,CORN,SILAGE,VT,PRODUCTION,TONS,ANNUAL,2011,YEAR,1230000
4047,CORN,SILAGE,VT,PRODUCTION,TONS,ANNUAL,2012,YEAR,1539000
4048,CORN,SILAGE,VT,PRODUCTION,TONS,ANNUAL,2013,YEAR,1275000
4049,CORN,SILAGE,VT,PRODUCTION,TONS,ANNUAL,2014,YEAR,1530000
4050,CORN,SILAGE,VT,PRODUCTION,TONS,ANNUAL,2015,YEAR,1496000
4051,CORN,SILAGE,VT,PRODUCTION,TONS,ANNUAL,2016,YEAR,1700000
4052,CORN,SILAGE,VT,PRODUCTION,TONS,ANNUAL,2017,YEAR,1254000
4053,CORN,SILAGE,VT,PRODUCTION,TONS,ANNUAL,2018,YEAR,1501000
4054,CORN,SILAGE,VT,PRODUCTION,TONS,ANNUAL,2019,YEAR,1386000
4055,CORN,SILAGE,WA,PRODUCTION,TONS,ANNUAL,2000,YEAR,1430000
4056,CORN,SILAGE,WA,PRODUCTION,TONS,ANNUAL,2001,YEAR,1560000
4057,CORN,SILAGE,WA,PRODUCTION,TONS,ANNUAL,2002,YEAR,1560000
4058,CORN,SILAGE,WA,PRODUCTION,TONS,ANNUAL,2003,YEAR,1500000
4059,CORN,SILAGE,WA,PRODUCTION,TONS,ANNUAL,2004,YEAR,1690000
4060,CORN,SILAGE,WA,PRODUCTION,TONS,ANNUAL,2005,YEAR,1890000
4061,CORN,SILAGE,WA,PRODUCTION,TONS,ANNUAL,2006,YEAR,1755000
4062,CORN,SILAGE,WA,PRODUCTION,TONS,ANNUAL,2007,YEAR,2080000
4063,CORN,SILAGE,WA,PRODUCTION,TONS,ANNUAL,2008,YEAR,1950000
4064,CORN,SILAGE,WA,PRODUCTION,TONS,ANNUAL,2009,YEAR,1690000
4065,CORN,SILAGE,WA,PRODUCTION,TONS,ANNUAL,2010,YEAR,2025000
4066,CORN,SILAGE,WA,PRODUCTION,TONS,ANNUAL,2011,YEAR,1890000
4067,CORN,SILAGE,WA,PRODUCTION,TONS,ANNUAL,2012,YEAR,2000000
4068,CORN,SILAGE,WA,PRODUCTION,TONS,ANNUAL,2013,YEAR,2295000
4069,CORN,SILAGE,WA,PRODUCTION,TONS,ANNUAL,2014,YEAR,2940000
4070,CORN,SILAGE,WA,PRODUCTION,TONS,ANNUAL,2015,YEAR,2470000
4071,CORN,SILAGE,WA,PRODUCTION,TONS,ANNUAL,2016,YEAR,2210000
4072,CORN,SILAGE,WA,PRODUCTION,TONS,ANNUAL,2017,YEAR,2430000
4073,CORN,SILAGE,WA,PRODUCTION,TONS,ANNUAL,2018,YEAR,2080000
4074,CORN,SILAGE,WA,PRODUCTION,TONS,ANNUAL,2019,YEAR,1955000
4075,CORN,SILAGE,WI,PRODUCTION,TONS,ANNUAL,2000,YEAR,11880000
4076,CORN,SILAGE,WI,PRODUCTION,TONS,ANNUAL,2001,YEAR,11310000
4077,CORN,SILAGE,WI,PRODUCTION,TONS,ANNUAL,2002,YEAR,11680000
4078,CORN,SILAGE,WI,PRODUCTION,TONS,ANNUAL,2003,YEAR,14080000
4079,CORN,SILAGE,WI,PRODUCTION,TONS,ANNUAL,2004,YEAR,13300000
4080,CORN,SILAGE,WI,PRODUCTION,TONS,ANNUAL,2005,YEAR,14960000
4081,CORN,SILAGE,WI,PRODUCTION,TONS,ANNUAL,2006,YEAR,14110000
4082,CORN,SILAGE,WI,PRODUCTION,TONS,ANNUAL,2007,YEAR,11920000
4083,CORN,SILAGE,WI,PRODUCTION,TONS,ANNUAL,2008,YEAR,15313000
4084,CORN,SILAGE,WI,PRODUCTION,TONS,ANNUAL,2009,YEAR,13600000
4085,CORN,SILAGE,WI,PRODUCTION,TONS,ANNUAL,2010,YEAR,14250000
4086,CORN,SILAGE,WI,PRODUCTION,TONS,ANNUAL,2011,YEAR,15698000
4087,CORN,SILAGE,WI,PRODUCTION,TONS,ANNUAL,2012,YEAR,14210000
4088,CORN,SILAGE,WI,PRODUCTION,TONS,ANNUAL,2013,YEAR,16170000
4089,CORN,SILAGE,WI,PRODUCTION,TONS,ANNUAL,2014,YEAR,15725000
4090,CORN,SILAGE,WI,PRODUCTION,TONS,ANNUAL,2015,YEAR,18915000
4091,CORN,SILAGE,WI,PRODUCTION,TONS,ANNUAL,2016,YEAR,16590000
4092,CORN,SILAGE,WI,PRODUCTION,TONS,ANNUAL,2017,YEAR,16720000
4093,CORN,SILAGE,WI,PRODUCTION,TONS,ANNUAL,2018,YEAR,13400000
4094,CORN,SILAGE,WI,PRODUCTION,TONS,ANNUAL,2019,YEAR,18200000
4095,CORN,SILAGE,WV,PRODUCTION,TONS,ANNUAL,2000,YEAR,361000
4096,CORN,SILAGE,WV,PRODUCTION,TONS,ANNUAL,2001,YEAR,391000
4097,CORN,SILAGE,WV,PRODUCTION,TONS,ANNUAL,2002,YEAR,314000
4098,CORN,SILAGE,WV,PRODUCTION,TONS,ANNUAL,2003,YEAR,295000
4099,CORN,SILAGE,WV,PRODUCTION,TONS,ANNUAL,2004,YEAR,306000
4100,CORN,SILAGE,WV,PRODUCTION,TONS,ANNUAL,2005,YEAR,248000
4101,CORN,SILAGE,WV,PRODUCTION,TONS,ANNUAL,2006,YEAR,306000
4102,CORN,SILAGE,WV,PRODUCTION,TONS,ANNUAL,2007,YEAR,280000
4103,CORN,SILAGE,WV,PRODUCTION,TONS,ANNUAL,2008,YEAR,289000
4104,CORN,SILAGE,WV,PRODUCTION,TONS,ANNUAL,2009,YEAR,280000
4105,CORN,SILAGE,WV,PRODUCTION,TONS,ANNUAL,2010,YEAR,213000
4106,CORN,SILAGE,WV,PRODUCTION,TONS,ANNUAL,2011,YEAR,225000
4107,CORN,SILAGE,WV,PRODUCTION,TONS,ANNUAL,2012,YEAR,240000
4108,CORN,SILAGE,WV,PRODUCTION,TONS,ANNUAL,2013,YEAR,304000
4109,CORN,SILAGE,WV,PRODUCTION,TONS,ANNUAL,2014,YEAR,252000
4110,CORN,SILAGE,WV,PRODUCTION,TONS,ANNUAL,2015,YEAR,252000
4111,CORN,SILAGE,WV,PRODUCTION,TONS,ANNUAL,2016,YEAR,247000
4112,CORN,SILAGE,WV,PRODUCTION,TONS,ANNUAL,2017,YEAR,320000
4113,CORN,SILAGE,WV,PRODUCTION,TONS,ANNUAL,2018,YEAR,209000
4114,CORN,SILAGE,WV,PRODUCTION,TONS,ANNUAL,2019,YEAR,240000
4115,CORN,SILAGE,WY,PRODUCTION,TONS,ANNUAL,2000,YEAR,630000
4116,CORN,SILAGE,WY,PRODUCTION,TONS,ANNUAL,2000,YEAR,624000
4117,CORN,SILAGE,WY,PRODUCTION,TONS,ANNUAL,2000,YEAR,6000
4118,CORN,SILAGE,WY,PRODUCTION,TONS,ANNUAL,2001,YEAR,777000
4119,CORN,SILAGE,WY,PRODUCTION,TONS,ANNUAL,2001,YEAR,770000
4120,CORN,SILAGE,WY,PRODUCTION,TONS,ANNUAL,2001,YEAR,7000
4121,CORN,SILAGE,WY,PRODUCTION,TONS,ANNUAL,2002,YEAR,720000
4122,CORN,SILAGE,WY,PRODUCTION,TONS,ANNUAL,2002,YEAR,707000
4123,CORN,SILAGE,WY,PRODUCTION,TONS,ANNUAL,2002,YEAR,13000
4124,CORN,SILAGE,WY,PRODUCTION,TONS,ANNUAL,2003,YEAR,748000
4125,CORN,SILAGE,WY,PRODUCTION,TONS,ANNUAL,2003,YEAR,748000
4126,CORN,SILAGE,WY,PRODUCTION,TONS,ANNUAL,2004,YEAR,792000
4127,CORN,SILAGE,WY,PRODUCTION,TONS,ANNUAL,2004,YEAR,787000
4128,CORN,SILAGE,WY,PRODUCTION,TONS,ANNUAL,2004,YEAR,5000
4129,CORN,SILAGE,WY,PRODUCTION,TONS,ANNUAL,2005,YEAR,660000
4130,CORN,SILAGE,WY,PRODUCTION,TONS,ANNUAL,2005,YEAR,655000
4131,CORN,SILAGE,WY,PRODUCTION,TONS,ANNUAL,2005,YEAR,5000
4132,CORN,SILAGE,WY,PRODUCTION,TONS,ANNUAL,2006,YEAR,748000
4133,CORN,SILAGE,WY,PRODUCTION,TONS,ANNUAL,2006,YEAR,748000
4134,CORN,SILAGE,WY,PRODUCTION,TONS,ANNUAL,2007,YEAR,620000
4135,CORN,SILAGE,WY,PRODUCTION,TONS,ANNUAL,2007,YEAR,616000
4136,CORN,SILAGE,WY,PRODUCTION,TONS,ANNUAL,2007,YEAR,4000
4137,CORN,SILAGE,WY,PRODUCTION,TONS,ANNUAL,2008,YEAR,759000
4138,CORN,SILAGE,WY,PRODUCTION,TONS,ANNUAL,2009,YEAR,640000
4139,CORN,SILAGE,WY,PRODUCTION,TONS,ANNUAL,2010,YEAR,660000
4140,CORN,SILAGE,WY,PRODUCTION,TONS,ANNUAL,2011,YEAR,550000
4141,CORN,SILAGE,WY,PRODUCTION,TONS,ANNUAL,2012,YEAR,735000
4142,CORN,SILAGE,WY,PRODUCTION,TONS,ANNUAL,2013,YEAR,744000
4143,CORN,SILAGE,WY,PRODUCTION,TONS,ANNUAL,2014,YEAR,648000
4144,CORN,SILAGE,WY,PRODUCTION,TONS,ANNUAL,2015,YEAR,575000
4145,CORN,SILAGE,WY,PRODUCTION,TONS,ANNUAL,2016,YEAR,598000
4146,CORN,SILAGE,WY,PRODUCTION,TONS,ANNUAL,2017,YEAR,720000
4147,CORN,SILAGE,WY,PRODUCTION,TONS,ANNUAL,2018,YEAR,552000
4148,CORN,SILAGE,WY,PRODUCTION,TONS,ANNUAL,2019,YEAR,528000
4149,CORN,SILAGE,other_states,PRODUCTION,TONS,ANNUAL,2015,YEAR,0
4150,CORN,SILAGE,other_states,PRODUCTION,TONS,ANNUAL,2017,YEAR,0
4151,CORN,SILAGE,other_states,PRODUCTION,TONS,ANNUAL,2018,YEAR,0
75,CORN,SILAGE,US,PRODUCTION,TONS,ANNUAL,2000,YEAR,102156000
76,CORN,SILAGE,US,PRODUCTION,TONS,ANNUAL,2001,YEAR,101992000
77,CORN,SILAGE,US,PRODUCTION,TONS,ANNUAL,2002,YEAR,102293000
78,CORN,SILAGE,US,PRODUCTION,TONS,ANNUAL,2003,YEAR,107378000
79,CORN,SILAGE,US,PRODUCTION,TONS,ANNUAL,2004,YEAR,107293000
80,CORN,SILAGE,US,PRODUCTION,TONS,ANNUAL,2005,YEAR,106486000
81,CORN,SILAGE,US,PRODUCTION,TONS,ANNUAL,2006,YEAR,105294000
82,CORN,SILAGE,US,PRODUCTION,TONS,ANNUAL,2007,YEAR,106229000
83,CORN,SILAGE,US,PRODUCTION,TONS,ANNUAL,2008,YEAR,111792000
84,CORN,SILAGE,US,PRODUCTION,TONS,ANNUAL,2009,YEAR,108221000
85,CORN,SILAGE,US,PRODUCTION,TONS,ANNUAL,2010,YEAR,107314000
86,CORN,SILAGE,US,PRODUCTION,TONS,ANNUAL,2011,YEAR,109091000
87,CORN,SILAGE,US,PRODUCTION,TONS,ANNUAL,2012,YEAR,116148000
88,CORN,SILAGE,US,PRODUCTION,TONS,ANNUAL,2013,YEAR,118101000
89,CORN,SILAGE,US,PRODUCTION,TONS,ANNUAL,2014,YEAR,127843000
90,CORN,SILAGE,US,PRODUCTION,TONS,ANNUAL,2015,YEAR,127311000
91,CORN,SILAGE,US,PRODUCTION,TONS,ANNUAL,2016,YEAR,126020000
92,CORN,SILAGE,US,PRODUCTION,TONS,ANNUAL,2017,YEAR,127434000
93,CORN,SILAGE,US,PRODUCTION,TONS,ANNUAL,2018,YEAR,121564000
94,CORN,SILAGE,US,PRODUCTION,TONS,ANNUAL,2019,YEAR,133522000
