,commodity_desc,state_alpha,statisticcat_desc,util_practice_desc,unit_desc,state_alpha,freq_desc,year,reference_period_desc,Value
0,CORN,NE,STOCKS,GRAIN,BU,NE,POINT IN TIME,2020,FIRST OF MAR,993613000
1,CORN,NE,STOCKS,GRAIN,BU,NE,POINT IN TIME,2020,FIRST OF JUN,571963000
2,CORN,NE,STOCKS,GRAIN,BU,NE,POINT IN TIME,2020,FIRST OF SEP,238918000
3,CORN,NE,STOCKS,GRAIN,BU,NE,POINT IN TIME,2019,FIRST OF MAR,1006439000
4,CORN,NE,STOCKS,GRAIN,BU,NE,POINT IN TIME,2019,FIRST OF JUN,571797000
5,CORN,NE,STOCKS,GRAIN,BU,NE,POINT IN TIME,2019,FIRST OF SEP,239290000
6,CORN,NE,STOCKS,GRAIN,BU,NE,POINT IN TIME,2019,FIRST OF DEC,1477877000
7,CORN,NE,STOCKS,GRAIN,BU,NE,POINT IN TIME,2018,FIRST OF MAR,957323000
8,CORN,NE,STOCKS,GRAIN,BU,NE,POINT IN TIME,2018,FIRST OF JUN,551436000
9,CORN,NE,STOCKS,GRAIN,BU,NE,POINT IN TIME,2018,FIRST OF SEP,210075000
10,CORN,NE,STOCKS,GRAIN,BU,NE,POINT IN TIME,2018,FIRST OF DEC,1449411000
11,CORN,NE,STOCKS,GRAIN,BU,NE,POINT IN TIME,2017,FIRST OF MAR,1001962000
12,CORN,NE,STOCKS,GRAIN,BU,NE,POINT IN TIME,2017,FIRST OF JUN,577082000
13,CORN,NE,STOCKS,GRAIN,BU,NE,POINT IN TIME,2017,FIRST OF SEP,257789000
14,CORN,NE,STOCKS,GRAIN,BU,NE,POINT IN TIME,2017,FIRST OF DEC,1460631000
15,CORN,NE,STOCKS,GRAIN,BU,NE,POINT IN TIME,2016,FIRST OF MAR,956028000
16,CORN,NE,STOCKS,GRAIN,BU,NE,POINT IN TIME,2016,FIRST OF JUN,539685000
17,CORN,NE,STOCKS,GRAIN,BU,NE,POINT IN TIME,2016,FIRST OF SEP,216429000
18,CORN,NE,STOCKS,GRAIN,BU,NE,POINT IN TIME,2016,FIRST OF DEC,1420918000
19,CORN,NE,STOCKS,GRAIN,BU,NE,POINT IN TIME,2015,FIRST OF MAR,823875000
20,CORN,NE,STOCKS,GRAIN,BU,NE,POINT IN TIME,2015,FIRST OF JUN,456791000
21,CORN,NE,STOCKS,GRAIN,BU,NE,POINT IN TIME,2015,FIRST OF SEP,182350000
22,CORN,NE,STOCKS,GRAIN,BU,NE,POINT IN TIME,2015,FIRST OF DEC,1388938000
23,CORN,NE,STOCKS,GRAIN,BU,NE,POINT IN TIME,2014,FIRST OF MAR,808902000
24,CORN,NE,STOCKS,GRAIN,BU,NE,POINT IN TIME,2014,FIRST OF JUN,444202000
25,CORN,NE,STOCKS,GRAIN,BU,NE,POINT IN TIME,2014,FIRST OF SEP,141295000
26,CORN,NE,STOCKS,GRAIN,BU,NE,POINT IN TIME,2014,FIRST OF DEC,1289710000
27,CORN,NE,STOCKS,GRAIN,BU,NE,POINT IN TIME,2013,FIRST OF MAR,587555000
28,CORN,NE,STOCKS,GRAIN,BU,NE,POINT IN TIME,2013,FIRST OF JUN,300310000
29,CORN,NE,STOCKS,GRAIN,BU,NE,POINT IN TIME,2013,FIRST OF SEP,79386000
30,CORN,NE,STOCKS,GRAIN,BU,NE,POINT IN TIME,2013,FIRST OF DEC,1250700000
31,CORN,NE,STOCKS,GRAIN,BU,NE,POINT IN TIME,2012,FIRST OF MAR,686532000
32,CORN,NE,STOCKS,GRAIN,BU,NE,POINT IN TIME,2012,FIRST OF JUN,355197000
33,CORN,NE,STOCKS,GRAIN,BU,NE,POINT IN TIME,2012,FIRST OF SEP,93881000
34,CORN,NE,STOCKS,GRAIN,BU,NE,POINT IN TIME,2012,FIRST OF DEC,957356000
35,CORN,NE,STOCKS,GRAIN,BU,NE,POINT IN TIME,2011,FIRST OF MAR,765814000
36,CORN,NE,STOCKS,GRAIN,BU,NE,POINT IN TIME,2011,FIRST OF JUN,435074000
37,CORN,NE,STOCKS,GRAIN,BU,NE,POINT IN TIME,2011,FIRST OF SEP,119167000
38,CORN,NE,STOCKS,GRAIN,BU,NE,POINT IN TIME,2011,FIRST OF DEC,1165630000
39,CORN,NE,STOCKS,GRAIN,BU,NE,POINT IN TIME,2010,FIRST OF MAR,906390000
40,CORN,NE,STOCKS,GRAIN,BU,NE,POINT IN TIME,2010,FIRST OF JUN,520565000
41,CORN,NE,STOCKS,GRAIN,BU,NE,POINT IN TIME,2010,FIRST OF SEP,211233000
42,CORN,NE,STOCKS,GRAIN,BU,NE,POINT IN TIME,2010,FIRST OF DEC,1196320000
43,CORN,NE,STOCKS,GRAIN,BU,NE,POINT IN TIME,2009,FIRST OF MAR,808288000
44,CORN,NE,STOCKS,GRAIN,BU,NE,POINT IN TIME,2009,FIRST OF JUN,486033000
45,CORN,NE,STOCKS,GRAIN,BU,NE,POINT IN TIME,2009,FIRST OF SEP,196454000
46,CORN,NE,STOCKS,GRAIN,BU,NE,POINT IN TIME,2009,FIRST OF DEC,1340288000
47,CORN,NE,STOCKS,GRAIN,BU,NE,POINT IN TIME,2008,FIRST OF MAR,766772000
48,CORN,NE,STOCKS,GRAIN,BU,NE,POINT IN TIME,2008,FIRST OF JUN,395182000
49,CORN,NE,STOCKS,GRAIN,BU,NE,POINT IN TIME,2008,FIRST OF SEP,166514000
50,CORN,NE,STOCKS,GRAIN,BU,NE,POINT IN TIME,2008,FIRST OF DEC,1186700000
51,CORN,NE,STOCKS,GRAIN,BU,NE,POINT IN TIME,2007,FIRST OF MAR,641568000
52,CORN,NE,STOCKS,GRAIN,BU,NE,POINT IN TIME,2007,FIRST OF JUN,368516000
53,CORN,NE,STOCKS,GRAIN,BU,NE,POINT IN TIME,2007,FIRST OF SEP,154515000
54,CORN,NE,STOCKS,GRAIN,BU,NE,POINT IN TIME,2007,FIRST OF DEC,1195152000
55,CORN,NE,STOCKS,GRAIN,BU,NE,POINT IN TIME,2006,FIRST OF MAR,806280000
56,CORN,NE,STOCKS,GRAIN,BU,NE,POINT IN TIME,2006,FIRST OF JUN,500781000
57,CORN,NE,STOCKS,GRAIN,BU,NE,POINT IN TIME,2006,FIRST OF SEP,239213000
58,CORN,NE,STOCKS,GRAIN,BU,NE,POINT IN TIME,2006,FIRST OF DEC,1004988000
59,CORN,NE,STOCKS,GRAIN,BU,NE,POINT IN TIME,2005,FIRST OF MAR,821122000
60,CORN,NE,STOCKS,GRAIN,BU,NE,POINT IN TIME,2005,FIRST OF JUN,511217000
61,CORN,NE,STOCKS,GRAIN,BU,NE,POINT IN TIME,2005,FIRST OF SEP,280286000
62,CORN,NE,STOCKS,GRAIN,BU,NE,POINT IN TIME,2005,FIRST OF DEC,1183541000
63,CORN,NE,STOCKS,GRAIN,BU,NE,POINT IN TIME,2004,FIRST OF MAR,648219000
64,CORN,NE,STOCKS,GRAIN,BU,NE,POINT IN TIME,2004,FIRST OF JUN,341955000
65,CORN,NE,STOCKS,GRAIN,BU,NE,POINT IN TIME,2004,FIRST OF SEP,114601000
66,CORN,NE,STOCKS,GRAIN,BU,NE,POINT IN TIME,2004,FIRST OF DEC,1121124000
67,CORN,NE,STOCKS,GRAIN,BU,NE,POINT IN TIME,2003,FIRST OF MAR,595547000
68,CORN,NE,STOCKS,GRAIN,BU,NE,POINT IN TIME,2003,FIRST OF JUN,357495000
69,CORN,NE,STOCKS,GRAIN,BU,NE,POINT IN TIME,2003,FIRST OF SEP,154220000
70,CORN,NE,STOCKS,GRAIN,BU,NE,POINT IN TIME,2003,FIRST OF DEC,967438000
71,CORN,NE,STOCKS,GRAIN,BU,NE,POINT IN TIME,2002,FIRST OF MAR,707176000
72,CORN,NE,STOCKS,GRAIN,BU,NE,POINT IN TIME,2002,FIRST OF JUN,421470000
73,CORN,NE,STOCKS,GRAIN,BU,NE,POINT IN TIME,2002,FIRST OF SEP,231258000
74,CORN,NE,STOCKS,GRAIN,BU,NE,POINT IN TIME,2002,FIRST OF DEC,855944000
75,CORN,NE,STOCKS,GRAIN,BU,NE,POINT IN TIME,2001,FIRST OF MAR,686714000
76,CORN,NE,STOCKS,GRAIN,BU,NE,POINT IN TIME,2001,FIRST OF JUN,444500000
77,CORN,NE,STOCKS,GRAIN,BU,NE,POINT IN TIME,2001,FIRST OF SEP,256266000
78,CORN,NE,STOCKS,GRAIN,BU,NE,POINT IN TIME,2001,FIRST OF DEC,1040485000
79,CORN,NE,STOCKS,GRAIN,BU,NE,POINT IN TIME,2000,FIRST OF MAR,689660000
80,CORN,NE,STOCKS,GRAIN,BU,NE,POINT IN TIME,2000,FIRST OF JUN,437336000
81,CORN,NE,STOCKS,GRAIN,BU,NE,POINT IN TIME,2000,FIRST OF SEP,230059000
82,CORN,NE,STOCKS,GRAIN,BU,NE,POINT IN TIME,2000,FIRST OF DEC,966809000
83,CORN,NE,STOCKS,GRAIN,BU,NE,POINT IN TIME,1999,FIRST OF MAR,781378000
84,CORN,NE,STOCKS,GRAIN,BU,NE,POINT IN TIME,1999,FIRST OF JUN,499515000
85,CORN,NE,STOCKS,GRAIN,BU,NE,POINT IN TIME,1999,FIRST OF SEP,279889000
86,CORN,NE,STOCKS,GRAIN,BU,NE,POINT IN TIME,1999,FIRST OF DEC,1029705000
87,CORN,NE,STOCKS,GRAIN,BU,NE,POINT IN TIME,1998,FIRST OF MAR,642251000
88,CORN,NE,STOCKS,GRAIN,BU,NE,POINT IN TIME,1998,FIRST OF JUN,372444000
89,CORN,NE,STOCKS,GRAIN,BU,NE,POINT IN TIME,1998,FIRST OF SEP,172377000
90,CORN,NE,STOCKS,GRAIN,BU,NE,POINT IN TIME,1998,FIRST OF DEC,1074970000
91,CORN,NE,STOCKS,GRAIN,BU,NE,POINT IN TIME,1997,FIRST OF MAR,631517000
92,CORN,NE,STOCKS,GRAIN,BU,NE,POINT IN TIME,1997,FIRST OF JUN,349020000
93,CORN,NE,STOCKS,GRAIN,BU,NE,POINT IN TIME,1997,FIRST OF SEP,141910000
94,CORN,NE,STOCKS,GRAIN,BU,NE,POINT IN TIME,1997,FIRST OF DEC,988135000
95,CORN,NE,STOCKS,GRAIN,BU,NE,POINT IN TIME,1996,FIRST OF MAR,449795000
96,CORN,NE,STOCKS,GRAIN,BU,NE,POINT IN TIME,1996,FIRST OF JUN,185900000
97,CORN,NE,STOCKS,GRAIN,BU,NE,POINT IN TIME,1996,FIRST OF SEP,42056000
98,CORN,NE,STOCKS,GRAIN,BU,NE,POINT IN TIME,1996,FIRST OF DEC,1005352000
99,CORN,NE,STOCKS,GRAIN,BU,NE,POINT IN TIME,1995,FIRST OF MAR,692643000
100,CORN,NE,STOCKS,GRAIN,BU,NE,POINT IN TIME,1995,FIRST OF JUN,383036000
101,CORN,NE,STOCKS,GRAIN,BU,NE,POINT IN TIME,1995,FIRST OF SEP,181199000
102,CORN,NE,STOCKS,GRAIN,BU,NE,POINT IN TIME,1995,FIRST OF DEC,736233000
103,CORN,NE,STOCKS,GRAIN,BU,NE,POINT IN TIME,1994,FIRST OF MAR,495311000
104,CORN,NE,STOCKS,GRAIN,BU,NE,POINT IN TIME,1994,FIRST OF JUN,286136000
105,CORN,NE,STOCKS,GRAIN,BU,NE,POINT IN TIME,1994,FIRST OF SEP,121191000
106,CORN,NE,STOCKS,GRAIN,BU,NE,POINT IN TIME,1994,FIRST OF DEC,989788000
107,CORN,NE,STOCKS,GRAIN,BU,NE,POINT IN TIME,1993,FIRST OF MAR,716008000
108,CORN,NE,STOCKS,GRAIN,BU,NE,POINT IN TIME,1993,FIRST OF JUN,462844000
109,CORN,NE,STOCKS,GRAIN,BU,NE,POINT IN TIME,1993,FIRST OF SEP,281775000
110,CORN,NE,STOCKS,GRAIN,BU,NE,POINT IN TIME,1993,FIRST OF DEC,744247000
111,CORN,NE,STOCKS,GRAIN,BU,NE,POINT IN TIME,1992,FIRST OF MAR,596085000
112,CORN,NE,STOCKS,GRAIN,BU,NE,POINT IN TIME,1992,FIRST OF JUN,359374000
113,CORN,NE,STOCKS,GRAIN,BU,NE,POINT IN TIME,1992,FIRST OF SEP,167848000
114,CORN,NE,STOCKS,GRAIN,BU,NE,POINT IN TIME,1992,FIRST OF DEC,951575000
115,CORN,NE,STOCKS,GRAIN,BU,NE,POINT IN TIME,1991,FIRST OF MAR,599284000
116,CORN,NE,STOCKS,GRAIN,BU,NE,POINT IN TIME,1991,FIRST OF JUN,405402000
117,CORN,NE,STOCKS,GRAIN,BU,NE,POINT IN TIME,1991,FIRST OF SEP,221418000
118,CORN,NE,STOCKS,GRAIN,BU,NE,POINT IN TIME,1991,FIRST OF DEC,880259000
119,CORN,NE,STOCKS,GRAIN,BU,NE,POINT IN TIME,1990,FIRST OF MAR,664112000
120,CORN,NE,STOCKS,GRAIN,BU,NE,POINT IN TIME,1990,FIRST OF JUN,395031000
121,CORN,NE,STOCKS,GRAIN,BU,NE,POINT IN TIME,1990,FIRST OF SEP,206750000
122,CORN,NE,STOCKS,GRAIN,BU,NE,POINT IN TIME,1990,FIRST OF DEC,834865000
123,CORN,NE,STOCKS,GRAIN,BU,NE,POINT IN TIME,1989,FIRST OF MAR,848793000
124,CORN,NE,STOCKS,GRAIN,BU,NE,POINT IN TIME,1989,FIRST OF JUN,629819000
125,CORN,NE,STOCKS,GRAIN,BU,NE,POINT IN TIME,1989,FIRST OF SEP,365692000
126,CORN,NE,STOCKS,GRAIN,BU,NE,POINT IN TIME,1989,FIRST OF DEC,923768000
127,CORN,NE,STOCKS,GRAIN,BU,NE,POINT IN TIME,1988,FIRST OF MAR,1045716000
128,CORN,NE,STOCKS,GRAIN,BU,NE,POINT IN TIME,1988,FIRST OF JUN,839139000
129,CORN,NE,STOCKS,GRAIN,BU,NE,POINT IN TIME,1988,FIRST OF SEP,623529000
130,CORN,NE,STOCKS,GRAIN,BU,NE,POINT IN TIME,1988,FIRST OF DEC,1109631000
131,CORN,NE,STOCKS,GRAIN,BU,NE,POINT IN TIME,1987,FIRST OF MAR,1082360000
132,CORN,NE,STOCKS,GRAIN,BU,NE,POINT IN TIME,1987,FIRST OF JUN,893809000
133,CORN,NE,STOCKS,GRAIN,BU,NE,POINT IN TIME,1987,FIRST OF SEP,730619000
134,CORN,NE,STOCKS,GRAIN,BU,NE,POINT IN TIME,1987,FIRST OF DEC,1289543000
135,CORN,NE,STOCKS,GRAIN,BU,NE,POINT IN TIME,1986,FIRST OF MAR,770776000
136,CORN,NE,STOCKS,GRAIN,BU,NE,POINT IN TIME,1986,FIRST OF JUN,694248000
137,CORN,NE,STOCKS,GRAIN,BU,NE,POINT IN TIME,1986,FIRST OF SEP,627324000
138,CORN,NE,STOCKS,GRAIN,BU,NE,POINT IN TIME,1986,FIRST OF DEC,1321382000
139,CORN,NE,STOCKS,GRAIN,BU,NE,POINT IN TIME,1985,FIRST OF MAR,544737000
140,CORN,NE,STOCKS,GRAIN,BU,NE,POINT IN TIME,1985,FIRST OF JUN,456140000
141,CORN,NE,STOCKS,GRAIN,BU,NE,POINT IN TIME,1985,FIRST OF SEP,288359000
142,CORN,NE,STOCKS,GRAIN,BU,NE,POINT IN TIME,1985,FIRST OF DEC,987615000
143,CORN,NE,STOCKS,GRAIN,BU,NE,POINT IN TIME,1984,FIRST OF MAR,499301000
144,CORN,NE,STOCKS,GRAIN,BU,NE,POINT IN TIME,1984,FIRST OF JUN,348862000
145,CORN,NE,STOCKS,GRAIN,BU,NE,POINT IN TIME,1984,FIRST OF SEP,164590000
146,CORN,NE,STOCKS,GRAIN,BU,NE,POINT IN TIME,1984,FIRST OF DEC,737879000
147,CORN,NE,STOCKS,GRAIN,BU,NE,POINT IN TIME,1983,FIRST OF MAR,790432000
148,CORN,NE,STOCKS,GRAIN,BU,NE,POINT IN TIME,1983,FIRST OF JUN,735814000
149,CORN,NE,STOCKS,GRAIN,BU,NE,POINT IN TIME,1983,FIRST OF SEP,580127000
150,CORN,NE,STOCKS,GRAIN,BU,NE,POINT IN TIME,1983,FIRST OF DEC,727789000
151,CORN,NE,STOCKS,GRAIN,BU,NE,POINT IN TIME,1982,FIRST OF MAR,549559000
152,CORN,NE,STOCKS,GRAIN,BU,NE,POINT IN TIME,1982,FIRST OF JUN,479692000
153,CORN,NE,STOCKS,GRAIN,BU,NE,POINT IN TIME,1982,FIRST OF SEP,384104000
154,CORN,NE,STOCKS,GRAIN,BU,NE,POINT IN TIME,1982,FIRST OF DEC,1017761000
155,CORN,NE,STOCKS,GRAIN,BU,NE,POINT IN TIME,1981,FIRST OF MAR,400795000
156,CORN,NE,STOCKS,GRAIN,BU,NE,POINT IN TIME,1981,FIRST OF JUN,272553000
157,CORN,NE,STOCKS,GRAIN,BU,NE,POINT IN TIME,1981,FIRST OF SEP,141154000
158,CORN,NE,STOCKS,GRAIN,BU,NE,POINT IN TIME,1981,FIRST OF DEC,744127000
159,CORN,NE,STOCKS,GRAIN,BU,NE,POINT IN TIME,1980,FIRST OF MAR,623049000
160,CORN,NE,STOCKS,GRAIN,BU,NE,POINT IN TIME,1980,FIRST OF JUN,507856000
161,CORN,NE,STOCKS,GRAIN,BU,NE,POINT IN TIME,1980,FIRST OF SEP,336704000
162,CORN,NE,STOCKS,GRAIN,BU,NE,POINT IN TIME,1980,FIRST OF DEC,603533000
163,CORN,NE,STOCKS,GRAIN,BU,NE,POINT IN TIME,1979,FIRST OF MAR,541247000
164,CORN,NE,STOCKS,GRAIN,BU,NE,POINT IN TIME,1979,FIRST OF JUN,432034000
165,CORN,NE,STOCKS,GRAIN,BU,NE,POINT IN TIME,1979,FIRST OF SEP,261930000
166,CORN,NE,STOCKS,GRAIN,BU,NE,POINT IN TIME,1979,FIRST OF DEC,828998000
167,CORN,NE,STOCKS,GRAIN,BU,NE,POINT IN TIME,1978,FIRST OF MAR,428242000
168,CORN,NE,STOCKS,GRAIN,BU,NE,POINT IN TIME,1978,FIRST OF JUN,329133000
169,CORN,NE,STOCKS,GRAIN,BU,NE,POINT IN TIME,1978,FIRST OF SEP,198935000
170,CORN,NE,STOCKS,GRAIN,BU,NE,POINT IN TIME,1978,FIRST OF DEC,743284000
171,CORN,NE,STOCKS,GRAIN,BU,NE,POINT IN TIME,1977,FIRST OF MAR,272086000
172,CORN,NE,STOCKS,GRAIN,BU,NE,POINT IN TIME,1977,FIRST OF JUN,189890000
173,CORN,NE,STOCKS,GRAIN,BU,NE,POINT IN TIME,1977,FIRST OF SEP,78736000
174,CORN,NE,STOCKS,GRAIN,BU,NE,POINT IN TIME,1977,FIRST OF DEC,593888000
175,CORN,NE,STOCKS,GRAIN,BU,NE,POINT IN TIME,1976,FIRST OF MAR,252828000
176,CORN,NE,STOCKS,GRAIN,BU,NE,POINT IN TIME,1976,FIRST OF JUN,166583000
177,CORN,NE,STOCKS,GRAIN,BU,NE,POINT IN TIME,1976,FIRST OF SEP,30346000
178,CORN,NE,STOCKS,GRAIN,BU,NE,POINT IN TIME,1976,FIRST OF DEC,432969000
179,CORN,NE,STOCKS,GRAIN,BU,NE,POINT IN TIME,1975,FIRST OF MAR,187650000
180,CORN,NE,STOCKS,GRAIN,BU,NE,POINT IN TIME,1975,FIRST OF JUN,106333000
181,CORN,NE,STOCKS,GRAIN,BU,NE,POINT IN TIME,1975,FIRST OF SEP,30764000
182,CORN,NE,STOCKS,GRAIN,BU,NE,POINT IN TIME,1975,FIRST OF DEC,407015000
183,CORN,NE,STOCKS,GRAIN,BU,NE,POINT IN TIME,1974,FIRST OF MAR,306648000
184,CORN,NE,STOCKS,GRAIN,BU,NE,POINT IN TIME,1974,FIRST OF JUN,146716000
185,CORN,NE,STOCKS,GRAIN,BU,NE,POINT IN TIME,1974,FIRST OF SEP,44726000
186,CORN,NE,STOCKS,GRAIN,BU,NE,POINT IN TIME,1974,FIRST OF DEC,309353000
187,CORN,NE,STOCKS,GRAIN,BU,NE,POINT IN TIME,1973,FIRST OF MAR,437362000
188,CORN,NE,STOCKS,GRAIN,BU,NE,POINT IN TIME,1973,FIRST OF JUN,271651000
189,CORN,NE,STOCKS,GRAIN,BU,NE,POINT IN TIME,1973,FIRST OF SEP,87273000
190,CORN,NE,STOCKS,GRAIN,BU,NE,POINT IN TIME,1973,FIRST OF DEC,471709000
191,CORN,NE,STOCKS,GRAIN,BU,NE,POINT IN TIME,1972,FIRST OF MAR,377337000
192,CORN,NE,STOCKS,GRAIN,BU,NE,POINT IN TIME,1972,FIRST OF JUN,267428000
193,CORN,NE,STOCKS,GRAIN,BU,NE,POINT IN TIME,1972,FIRST OF SEP,147472000
194,CORN,NE,STOCKS,GRAIN,BU,NE,POINT IN TIME,1972,FIRST OF DEC,537233000
195,CORN,NE,STOCKS,GRAIN,BU,NE,POINT IN TIME,1971,FIRST OF MAR,355447000
196,CORN,NE,STOCKS,GRAIN,BU,NE,POINT IN TIME,1971,FIRST OF JUN,260070000
197,CORN,NE,STOCKS,GRAIN,BU,NE,POINT IN TIME,1971,FIRST OF SEP,127054000
198,CORN,NE,STOCKS,GRAIN,BU,NE,POINT IN TIME,1971,FIRST OF DEC,468948000
199,CORN,NE,STOCKS,GRAIN,BU,NE,POINT IN TIME,1970,FIRST OF MAR,405131000
200,CORN,NE,STOCKS,GRAIN,BU,NE,POINT IN TIME,1970,FIRST OF JUN,303595000
201,CORN,NE,STOCKS,GRAIN,BU,NE,POINT IN TIME,1970,FIRST OF SEP,198188000
202,CORN,NE,STOCKS,GRAIN,BU,NE,POINT IN TIME,1970,FIRST OF DEC,465251000
203,CORN,NE,STOCKS,GRAIN,BU,NE,POINT IN TIME,1969,FIRST OF MAR,351791000
204,CORN,NE,STOCKS,GRAIN,BU,NE,POINT IN TIME,1969,FIRST OF JUN,283572000
205,CORN,NE,STOCKS,GRAIN,BU,NE,POINT IN TIME,1969,FIRST OF SEP,197363000
206,CORN,NE,STOCKS,GRAIN,BU,NE,POINT IN TIME,1969,FIRST OF DEC,549878000
207,CORN,NE,STOCKS,GRAIN,BU,NE,POINT IN TIME,1968,FIRST OF MAR,325385000
208,CORN,NE,STOCKS,GRAIN,BU,NE,POINT IN TIME,1968,FIRST OF JUN,243929000
209,CORN,NE,STOCKS,GRAIN,BU,NE,POINT IN TIME,1968,FIRST OF SEP,187674000
210,CORN,NE,STOCKS,GRAIN,BU,NE,POINT IN TIME,1968,FIRST OF DEC,446706000
211,CORN,NE,STOCKS,GRAIN,BU,NE,POINT IN TIME,1967,FIRST OF MAR,304689000
212,CORN,NE,STOCKS,GRAIN,BU,NE,POINT IN TIME,1967,FIRST OF JUN,213949000
213,CORN,NE,STOCKS,GRAIN,BU,NE,POINT IN TIME,1967,FIRST OF SEP,168337000
214,CORN,NE,STOCKS,GRAIN,BU,NE,POINT IN TIME,1967,FIRST OF DEC,408883000
215,CORN,NE,STOCKS,GRAIN,BU,NE,POINT IN TIME,1966,FIRST OF MAR,324705000
216,CORN,NE,STOCKS,GRAIN,BU,NE,POINT IN TIME,1966,FIRST OF JUN,212214000
217,CORN,NE,STOCKS,GRAIN,BU,NE,POINT IN TIME,1966,FIRST OF SEP,137302000
218,CORN,NE,STOCKS,GRAIN,BU,NE,POINT IN TIME,1966,FIRST OF DEC,385836000
219,CORN,NE,STOCKS,GRAIN,BU,NE,POINT IN TIME,1965,FIRST OF MAR,337786000
220,CORN,NE,STOCKS,GRAIN,BU,NE,POINT IN TIME,1965,FIRST OF JUN,256766000
221,CORN,NE,STOCKS,GRAIN,BU,NE,POINT IN TIME,1965,FIRST OF SEP,222816000
222,CORN,NE,STOCKS,GRAIN,BU,NE,POINT IN TIME,1965,FIRST OF DEC,416287000
223,CORN,NE,STOCKS,GRAIN,BU,NE,POINT IN TIME,1964,FIRST OF MAR,407157000
224,CORN,NE,STOCKS,GRAIN,BU,NE,POINT IN TIME,1964,FIRST OF JUN,340697000
225,CORN,NE,STOCKS,GRAIN,BU,NE,POINT IN TIME,1964,FIRST OF SEP,273581000
226,CORN,NE,STOCKS,GRAIN,BU,NE,POINT IN TIME,1964,FIRST OF DEC,423882000
227,CORN,NE,STOCKS,GRAIN,BU,NE,POINT IN TIME,1963,FIRST OF MAR,382326000
228,CORN,NE,STOCKS,GRAIN,BU,NE,POINT IN TIME,1963,FIRST OF JUN,310187000
229,CORN,NE,STOCKS,GRAIN,BU,NE,POINT IN TIME,1963,FIRST OF SEP,271550000
230,CORN,NE,STOCKS,GRAIN,BU,NE,POINT IN TIME,1963,FIRST OF DEC,503947000
231,CORN,NE,STOCKS,GRAIN,BU,NE,POINT IN TIME,1962,FIRST OF MAR,387290000
232,CORN,NE,STOCKS,GRAIN,BU,NE,POINT IN TIME,1962,FIRST OF JUN,329891000
233,CORN,NE,STOCKS,GRAIN,BU,NE,POINT IN TIME,1962,FIRST OF SEP,295134000
234,CORN,NE,STOCKS,GRAIN,BU,NE,POINT IN TIME,1962,FIRST OF DEC,505125000
235,CORN,NE,STOCKS,GRAIN,BU,NE,POINT IN TIME,1961,FIRST OF MAR,441639000
236,CORN,NE,STOCKS,GRAIN,BU,NE,POINT IN TIME,1961,FIRST OF JUN,366301000
237,CORN,NE,STOCKS,GRAIN,BU,NE,POINT IN TIME,1961,FIRST OF SEP,314438000
238,CORN,NE,STOCKS,GRAIN,BU,NE,POINT IN TIME,1961,FIRST OF DEC,495892000
239,CORN,NE,STOCKS,GRAIN,BU,NE,POINT IN TIME,1960,FIRST OF MAR,366945000
240,CORN,NE,STOCKS,GRAIN,BU,NE,POINT IN TIME,1960,FIRST OF JUN,320227000
241,CORN,NE,STOCKS,GRAIN,BU,NE,POINT IN TIME,1960,FIRST OF SEP,236433000
242,CORN,NE,STOCKS,GRAIN,BU,NE,POINT IN TIME,1960,FIRST OF DEC,534328000
243,CORN,NE,STOCKS,GRAIN,BU,NE,POINT IN TIME,1959,FIRST OF MAR,312676000
244,CORN,NE,STOCKS,GRAIN,BU,NE,POINT IN TIME,1959,FIRST OF JUN,244551000
245,CORN,NE,STOCKS,GRAIN,BU,NE,POINT IN TIME,1959,FIRST OF SEP,186414000
246,CORN,NE,STOCKS,GRAIN,BU,NE,POINT IN TIME,1959,FIRST OF DEC,447358000
247,CORN,NE,STOCKS,GRAIN,BU,NE,POINT IN TIME,1958,FIRST OF MAR,268463000
248,CORN,NE,STOCKS,GRAIN,BU,NE,POINT IN TIME,1958,FIRST OF JUN,223248000
249,CORN,NE,STOCKS,GRAIN,BU,NE,POINT IN TIME,1958,FIRST OF SEP,164653000
250,CORN,NE,STOCKS,GRAIN,BU,NE,POINT IN TIME,1958,FIRST OF DEC,376132000
251,CORN,NE,STOCKS,GRAIN,BU,NE,POINT IN TIME,1957,FIRST OF MAR,158825000
252,CORN,NE,STOCKS,GRAIN,BU,NE,POINT IN TIME,1957,FIRST OF JUN,143672000
253,CORN,NE,STOCKS,GRAIN,BU,NE,POINT IN TIME,1957,FIRST OF SEP,132490000
254,CORN,NE,STOCKS,GRAIN,BU,NE,POINT IN TIME,1957,FIRST OF DEC,324566000
255,CORN,NE,STOCKS,GRAIN,BU,NE,POINT IN TIME,1956,FIRST OF MAR,147158000
256,CORN,NE,STOCKS,GRAIN,BU,NE,POINT IN TIME,1956,FIRST OF JUN,128308000
257,CORN,NE,STOCKS,GRAIN,BU,NE,POINT IN TIME,1956,FIRST OF SEP,109603000
258,CORN,NE,STOCKS,GRAIN,BU,NE,POINT IN TIME,1956,FIRST OF DEC,183094000
259,CORN,NE,STOCKS,GRAIN,BU,NE,POINT IN TIME,1955,FIRST OF MAR,183813000
260,CORN,NE,STOCKS,GRAIN,BU,NE,POINT IN TIME,1955,FIRST OF JUN,146772000
261,CORN,NE,STOCKS,GRAIN,BU,NE,POINT IN TIME,1955,FIRST OF SEP,118959000
262,CORN,NE,STOCKS,GRAIN,BU,NE,POINT IN TIME,1955,FIRST OF DEC,178019000
263,CORN,NE,STOCKS,GRAIN,BU,NE,POINT IN TIME,1954,FIRST OF MAR,169445000
264,CORN,NE,STOCKS,GRAIN,BU,NE,POINT IN TIME,1954,FIRST OF JUN,126722000
265,CORN,NE,STOCKS,GRAIN,BU,NE,POINT IN TIME,1954,FIRST OF SEP,103449000
266,CORN,NE,STOCKS,GRAIN,BU,NE,POINT IN TIME,1954,FIRST OF DEC,241504000
267,CORN,NE,STOCKS,GRAIN,BU,NE,POINT IN TIME,1953,FIRST OF MAR,175545000
268,CORN,NE,STOCKS,GRAIN,BU,NE,POINT IN TIME,1953,FIRST OF JUN,135548000
269,CORN,NE,STOCKS,GRAIN,BU,NE,POINT IN TIME,1953,FIRST OF SEP,78455000
270,CORN,NE,STOCKS,GRAIN,BU,NE,POINT IN TIME,1953,FIRST OF DEC,231948000
271,CORN,NE,STOCKS,GRAIN,BU,NE,POINT IN TIME,1952,FIRST OF MAR,128161000
272,CORN,NE,STOCKS,GRAIN,BU,NE,POINT IN TIME,1952,FIRST OF JUN,90789000
273,CORN,NE,STOCKS,GRAIN,BU,NE,POINT IN TIME,1952,FIRST OF SEP,56740000
274,CORN,NE,STOCKS,GRAIN,BU,NE,POINT IN TIME,1952,FIRST OF DEC,240496000
275,CORN,NE,STOCKS,GRAIN,BU,NE,POINT IN TIME,1951,FIRST OF MAR,189174000
276,CORN,NE,STOCKS,GRAIN,BU,NE,POINT IN TIME,1951,FIRST OF JUN,146183000
277,CORN,NE,STOCKS,GRAIN,BU,NE,POINT IN TIME,1951,FIRST OF SEP,106111000
278,CORN,NE,STOCKS,GRAIN,BU,NE,POINT IN TIME,1951,FIRST OF DEC,201940000
279,CORN,NE,STOCKS,GRAIN,BU,NE,POINT IN TIME,1950,FIRST OF MAR,166946000
280,CORN,NE,STOCKS,GRAIN,BU,NE,POINT IN TIME,1950,FIRST OF JUN,139218000
281,CORN,NE,STOCKS,GRAIN,BU,NE,POINT IN TIME,1950,FIRST OF SEP,104012000
282,CORN,NE,STOCKS,GRAIN,BU,NE,POINT IN TIME,1950,FIRST OF DEC,279130000
283,CORN,NE,STOCKS,GRAIN,BU,NE,POINT IN TIME,1949,FIRST OF DEC,236889000
284,CORN,NE,STOCKS,"OFF FARM, GRAIN",BU,NE,POINT IN TIME,2020,FIRST OF MAR,423613000
285,CORN,NE,STOCKS,"OFF FARM, GRAIN",BU,NE,POINT IN TIME,2020,FIRST OF JUN,261963000
286,CORN,NE,STOCKS,"OFF FARM, GRAIN",BU,NE,POINT IN TIME,2020,FIRST OF SEP,151918000
287,CORN,NE,STOCKS,"OFF FARM, GRAIN",BU,NE,POINT IN TIME,2019,FIRST OF MAR,406439000
288,CORN,NE,STOCKS,"OFF FARM, GRAIN",BU,NE,POINT IN TIME,2019,FIRST OF JUN,261797000
289,CORN,NE,STOCKS,"OFF FARM, GRAIN",BU,NE,POINT IN TIME,2019,FIRST OF SEP,154290000
290,CORN,NE,STOCKS,"OFF FARM, GRAIN",BU,NE,POINT IN TIME,2019,FIRST OF DEC,537877000
291,CORN,NE,STOCKS,"OFF FARM, GRAIN",BU,NE,POINT IN TIME,2018,FIRST OF MAR,417323000
292,CORN,NE,STOCKS,"OFF FARM, GRAIN",BU,NE,POINT IN TIME,2018,FIRST OF JUN,271436000
293,CORN,NE,STOCKS,"OFF FARM, GRAIN",BU,NE,POINT IN TIME,2018,FIRST OF SEP,149075000
294,CORN,NE,STOCKS,"OFF FARM, GRAIN",BU,NE,POINT IN TIME,2018,FIRST OF DEC,539411000
295,CORN,NE,STOCKS,"OFF FARM, GRAIN",BU,NE,POINT IN TIME,2017,FIRST OF MAR,411962000
296,CORN,NE,STOCKS,"OFF FARM, GRAIN",BU,NE,POINT IN TIME,2017,FIRST OF JUN,272082000
297,CORN,NE,STOCKS,"OFF FARM, GRAIN",BU,NE,POINT IN TIME,2017,FIRST OF SEP,166789000
298,CORN,NE,STOCKS,"OFF FARM, GRAIN",BU,NE,POINT IN TIME,2017,FIRST OF DEC,550631000
299,CORN,NE,STOCKS,"OFF FARM, GRAIN",BU,NE,POINT IN TIME,2016,FIRST OF MAR,426028000
300,CORN,NE,STOCKS,"OFF FARM, GRAIN",BU,NE,POINT IN TIME,2016,FIRST OF JUN,254685000
301,CORN,NE,STOCKS,"OFF FARM, GRAIN",BU,NE,POINT IN TIME,2016,FIRST OF SEP,132429000
302,CORN,NE,STOCKS,"OFF FARM, GRAIN",BU,NE,POINT IN TIME,2016,FIRST OF DEC,550918000
303,CORN,NE,STOCKS,"OFF FARM, GRAIN",BU,NE,POINT IN TIME,2015,FIRST OF MAR,393875000
304,CORN,NE,STOCKS,"OFF FARM, GRAIN",BU,NE,POINT IN TIME,2015,FIRST OF JUN,236791000
305,CORN,NE,STOCKS,"OFF FARM, GRAIN",BU,NE,POINT IN TIME,2015,FIRST OF SEP,131350000
306,CORN,NE,STOCKS,"OFF FARM, GRAIN",BU,NE,POINT IN TIME,2015,FIRST OF DEC,568938000
307,CORN,NE,STOCKS,"OFF FARM, GRAIN",BU,NE,POINT IN TIME,2014,FIRST OF MAR,368902000
308,CORN,NE,STOCKS,"OFF FARM, GRAIN",BU,NE,POINT IN TIME,2014,FIRST OF JUN,254202000
309,CORN,NE,STOCKS,"OFF FARM, GRAIN",BU,NE,POINT IN TIME,2014,FIRST OF SEP,93295000
310,CORN,NE,STOCKS,"OFF FARM, GRAIN",BU,NE,POINT IN TIME,2014,FIRST OF DEC,509710000
311,CORN,NE,STOCKS,"OFF FARM, GRAIN",BU,NE,POINT IN TIME,2013,FIRST OF MAR,302555000
312,CORN,NE,STOCKS,"OFF FARM, GRAIN",BU,NE,POINT IN TIME,2013,FIRST OF JUN,170310000
313,CORN,NE,STOCKS,"OFF FARM, GRAIN",BU,NE,POINT IN TIME,2013,FIRST OF SEP,57386000
314,CORN,NE,STOCKS,"OFF FARM, GRAIN",BU,NE,POINT IN TIME,2013,FIRST OF DEC,490700000
315,CORN,NE,STOCKS,"OFF FARM, GRAIN",BU,NE,POINT IN TIME,2012,FIRST OF MAR,336532000
316,CORN,NE,STOCKS,"OFF FARM, GRAIN",BU,NE,POINT IN TIME,2012,FIRST OF JUN,185197000
317,CORN,NE,STOCKS,"OFF FARM, GRAIN",BU,NE,POINT IN TIME,2012,FIRST OF SEP,65881000
318,CORN,NE,STOCKS,"OFF FARM, GRAIN",BU,NE,POINT IN TIME,2012,FIRST OF DEC,387356000
319,CORN,NE,STOCKS,"OFF FARM, GRAIN",BU,NE,POINT IN TIME,2011,FIRST OF MAR,385814000
320,CORN,NE,STOCKS,"OFF FARM, GRAIN",BU,NE,POINT IN TIME,2011,FIRST OF JUN,245074000
321,CORN,NE,STOCKS,"OFF FARM, GRAIN",BU,NE,POINT IN TIME,2011,FIRST OF SEP,95167000
322,CORN,NE,STOCKS,"OFF FARM, GRAIN",BU,NE,POINT IN TIME,2011,FIRST OF DEC,435630000
323,CORN,NE,STOCKS,"OFF FARM, GRAIN",BU,NE,POINT IN TIME,2010,FIRST OF MAR,376390000
324,CORN,NE,STOCKS,"OFF FARM, GRAIN",BU,NE,POINT IN TIME,2010,FIRST OF JUN,265565000
325,CORN,NE,STOCKS,"OFF FARM, GRAIN",BU,NE,POINT IN TIME,2010,FIRST OF SEP,163233000
326,CORN,NE,STOCKS,"OFF FARM, GRAIN",BU,NE,POINT IN TIME,2010,FIRST OF DEC,456320000
327,CORN,NE,STOCKS,"OFF FARM, GRAIN",BU,NE,POINT IN TIME,2009,FIRST OF MAR,318288000
328,CORN,NE,STOCKS,"OFF FARM, GRAIN",BU,NE,POINT IN TIME,2009,FIRST OF JUN,236033000
329,CORN,NE,STOCKS,"OFF FARM, GRAIN",BU,NE,POINT IN TIME,2009,FIRST OF SEP,129454000
330,CORN,NE,STOCKS,"OFF FARM, GRAIN",BU,NE,POINT IN TIME,2009,FIRST OF DEC,410288000
331,CORN,NE,STOCKS,"OFF FARM, GRAIN",BU,NE,POINT IN TIME,2008,FIRST OF MAR,336772000
332,CORN,NE,STOCKS,"OFF FARM, GRAIN",BU,NE,POINT IN TIME,2008,FIRST OF JUN,215182000
333,CORN,NE,STOCKS,"OFF FARM, GRAIN",BU,NE,POINT IN TIME,2008,FIRST OF SEP,118514000
334,CORN,NE,STOCKS,"OFF FARM, GRAIN",BU,NE,POINT IN TIME,2008,FIRST OF DEC,406700000
335,CORN,NE,STOCKS,"OFF FARM, GRAIN",BU,NE,POINT IN TIME,2007,FIRST OF MAR,301568000
336,CORN,NE,STOCKS,"OFF FARM, GRAIN",BU,NE,POINT IN TIME,2007,FIRST OF JUN,188516000
337,CORN,NE,STOCKS,"OFF FARM, GRAIN",BU,NE,POINT IN TIME,2007,FIRST OF SEP,107515000
338,CORN,NE,STOCKS,"OFF FARM, GRAIN",BU,NE,POINT IN TIME,2007,FIRST OF DEC,415152000
339,CORN,NE,STOCKS,"OFF FARM, GRAIN",BU,NE,POINT IN TIME,2006,FIRST OF MAR,336280000
340,CORN,NE,STOCKS,"OFF FARM, GRAIN",BU,NE,POINT IN TIME,2006,FIRST OF JUN,225781000
341,CORN,NE,STOCKS,"OFF FARM, GRAIN",BU,NE,POINT IN TIME,2006,FIRST OF SEP,154213000
342,CORN,NE,STOCKS,"OFF FARM, GRAIN",BU,NE,POINT IN TIME,2006,FIRST OF DEC,374988000
343,CORN,NE,STOCKS,"OFF FARM, GRAIN",BU,NE,POINT IN TIME,2005,FIRST OF MAR,301122000
344,CORN,NE,STOCKS,"OFF FARM, GRAIN",BU,NE,POINT IN TIME,2005,FIRST OF JUN,221217000
345,CORN,NE,STOCKS,"OFF FARM, GRAIN",BU,NE,POINT IN TIME,2005,FIRST OF SEP,180286000
346,CORN,NE,STOCKS,"OFF FARM, GRAIN",BU,NE,POINT IN TIME,2005,FIRST OF DEC,403541000
347,CORN,NE,STOCKS,"OFF FARM, GRAIN",BU,NE,POINT IN TIME,2004,FIRST OF MAR,268219000
348,CORN,NE,STOCKS,"OFF FARM, GRAIN",BU,NE,POINT IN TIME,2004,FIRST OF JUN,181955000
349,CORN,NE,STOCKS,"OFF FARM, GRAIN",BU,NE,POINT IN TIME,2004,FIRST OF SEP,65601000
350,CORN,NE,STOCKS,"OFF FARM, GRAIN",BU,NE,POINT IN TIME,2004,FIRST OF DEC,361124000
351,CORN,NE,STOCKS,"OFF FARM, GRAIN",BU,NE,POINT IN TIME,2003,FIRST OF MAR,270547000
352,CORN,NE,STOCKS,"OFF FARM, GRAIN",BU,NE,POINT IN TIME,2003,FIRST OF JUN,192495000
353,CORN,NE,STOCKS,"OFF FARM, GRAIN",BU,NE,POINT IN TIME,2003,FIRST OF SEP,100220000
354,CORN,NE,STOCKS,"OFF FARM, GRAIN",BU,NE,POINT IN TIME,2003,FIRST OF DEC,317438000
355,CORN,NE,STOCKS,"OFF FARM, GRAIN",BU,NE,POINT IN TIME,2002,FIRST OF MAR,297176000
356,CORN,NE,STOCKS,"OFF FARM, GRAIN",BU,NE,POINT IN TIME,2002,FIRST OF JUN,201470000
357,CORN,NE,STOCKS,"OFF FARM, GRAIN",BU,NE,POINT IN TIME,2002,FIRST OF SEP,151258000
358,CORN,NE,STOCKS,"OFF FARM, GRAIN",BU,NE,POINT IN TIME,2002,FIRST OF DEC,325944000
359,CORN,NE,STOCKS,"OFF FARM, GRAIN",BU,NE,POINT IN TIME,2001,FIRST OF MAR,276714000
360,CORN,NE,STOCKS,"OFF FARM, GRAIN",BU,NE,POINT IN TIME,2001,FIRST OF JUN,214500000
361,CORN,NE,STOCKS,"OFF FARM, GRAIN",BU,NE,POINT IN TIME,2001,FIRST OF SEP,178266000
362,CORN,NE,STOCKS,"OFF FARM, GRAIN",BU,NE,POINT IN TIME,2001,FIRST OF DEC,370485000
363,CORN,NE,STOCKS,"OFF FARM, GRAIN",BU,NE,POINT IN TIME,2000,FIRST OF MAR,264660000
364,CORN,NE,STOCKS,"OFF FARM, GRAIN",BU,NE,POINT IN TIME,2000,FIRST OF JUN,187336000
365,CORN,NE,STOCKS,"OFF FARM, GRAIN",BU,NE,POINT IN TIME,2000,FIRST OF SEP,125059000
366,CORN,NE,STOCKS,"OFF FARM, GRAIN",BU,NE,POINT IN TIME,2000,FIRST OF DEC,326809000
367,CORN,NE,STOCKS,"OFF FARM, GRAIN",BU,NE,POINT IN TIME,1999,FIRST OF MAR,261378000
368,CORN,NE,STOCKS,"OFF FARM, GRAIN",BU,NE,POINT IN TIME,1999,FIRST OF JUN,169515000
369,CORN,NE,STOCKS,"OFF FARM, GRAIN",BU,NE,POINT IN TIME,1999,FIRST OF SEP,159889000
370,CORN,NE,STOCKS,"OFF FARM, GRAIN",BU,NE,POINT IN TIME,1999,FIRST OF DEC,329705000
371,CORN,NE,STOCKS,"OFF FARM, GRAIN",BU,NE,POINT IN TIME,1998,FIRST OF MAR,232251000
372,CORN,NE,STOCKS,"OFF FARM, GRAIN",BU,NE,POINT IN TIME,1998,FIRST OF JUN,137444000
373,CORN,NE,STOCKS,"OFF FARM, GRAIN",BU,NE,POINT IN TIME,1998,FIRST OF SEP,97377000
374,CORN,NE,STOCKS,"OFF FARM, GRAIN",BU,NE,POINT IN TIME,1998,FIRST OF DEC,334970000
375,CORN,NE,STOCKS,"OFF FARM, GRAIN",BU,NE,POINT IN TIME,1997,FIRST OF MAR,221517000
376,CORN,NE,STOCKS,"OFF FARM, GRAIN",BU,NE,POINT IN TIME,1997,FIRST OF JUN,144020000
377,CORN,NE,STOCKS,"OFF FARM, GRAIN",BU,NE,POINT IN TIME,1997,FIRST OF SEP,73910000
378,CORN,NE,STOCKS,"OFF FARM, GRAIN",BU,NE,POINT IN TIME,1997,FIRST OF DEC,328135000
379,CORN,NE,STOCKS,"OFF FARM, GRAIN",BU,NE,POINT IN TIME,1996,FIRST OF MAR,239795000
380,CORN,NE,STOCKS,"OFF FARM, GRAIN",BU,NE,POINT IN TIME,1996,FIRST OF JUN,123900000
381,CORN,NE,STOCKS,"OFF FARM, GRAIN",BU,NE,POINT IN TIME,1996,FIRST OF SEP,32056000
382,CORN,NE,STOCKS,"OFF FARM, GRAIN",BU,NE,POINT IN TIME,1996,FIRST OF DEC,295352000
383,CORN,NE,STOCKS,"OFF FARM, GRAIN",BU,NE,POINT IN TIME,1995,FIRST OF MAR,242643000
384,CORN,NE,STOCKS,"OFF FARM, GRAIN",BU,NE,POINT IN TIME,1995,FIRST OF JUN,153036000
385,CORN,NE,STOCKS,"OFF FARM, GRAIN",BU,NE,POINT IN TIME,1995,FIRST OF SEP,101199000
386,CORN,NE,STOCKS,"OFF FARM, GRAIN",BU,NE,POINT IN TIME,1995,FIRST OF DEC,276233000
387,CORN,NE,STOCKS,"OFF FARM, GRAIN",BU,NE,POINT IN TIME,1994,FIRST OF MAR,195311000
388,CORN,NE,STOCKS,"OFF FARM, GRAIN",BU,NE,POINT IN TIME,1994,FIRST OF JUN,131136000
389,CORN,NE,STOCKS,"OFF FARM, GRAIN",BU,NE,POINT IN TIME,1994,FIRST OF SEP,67191000
390,CORN,NE,STOCKS,"OFF FARM, GRAIN",BU,NE,POINT IN TIME,1994,FIRST OF DEC,299788000
391,CORN,NE,STOCKS,"OFF FARM, GRAIN",BU,NE,POINT IN TIME,1993,FIRST OF MAR,226008000
392,CORN,NE,STOCKS,"OFF FARM, GRAIN",BU,NE,POINT IN TIME,1993,FIRST OF JUN,182844000
393,CORN,NE,STOCKS,"OFF FARM, GRAIN",BU,NE,POINT IN TIME,1993,FIRST OF SEP,141775000
394,CORN,NE,STOCKS,"OFF FARM, GRAIN",BU,NE,POINT IN TIME,1993,FIRST OF DEC,244247000
395,CORN,NE,STOCKS,"OFF FARM, GRAIN",BU,NE,POINT IN TIME,1992,FIRST OF MAR,271085000
396,CORN,NE,STOCKS,"OFF FARM, GRAIN",BU,NE,POINT IN TIME,1992,FIRST OF JUN,179374000
397,CORN,NE,STOCKS,"OFF FARM, GRAIN",BU,NE,POINT IN TIME,1992,FIRST OF SEP,97848000
398,CORN,NE,STOCKS,"OFF FARM, GRAIN",BU,NE,POINT IN TIME,1992,FIRST OF DEC,261575000
399,CORN,NE,STOCKS,"OFF FARM, GRAIN",BU,NE,POINT IN TIME,1991,FIRST OF MAR,219284000
400,CORN,NE,STOCKS,"OFF FARM, GRAIN",BU,NE,POINT IN TIME,1991,FIRST OF JUN,195402000
401,CORN,NE,STOCKS,"OFF FARM, GRAIN",BU,NE,POINT IN TIME,1991,FIRST OF SEP,146418000
402,CORN,NE,STOCKS,"OFF FARM, GRAIN",BU,NE,POINT IN TIME,1991,FIRST OF DEC,320259000
403,CORN,NE,STOCKS,"OFF FARM, GRAIN",BU,NE,POINT IN TIME,1990,FIRST OF MAR,284112000
404,CORN,NE,STOCKS,"OFF FARM, GRAIN",BU,NE,POINT IN TIME,1990,FIRST OF JUN,195031000
405,CORN,NE,STOCKS,"OFF FARM, GRAIN",BU,NE,POINT IN TIME,1990,FIRST OF SEP,96750000
406,CORN,NE,STOCKS,"OFF FARM, GRAIN",BU,NE,POINT IN TIME,1990,FIRST OF DEC,234865000
407,CORN,NE,STOCKS,"OFF FARM, GRAIN",BU,NE,POINT IN TIME,1989,FIRST OF MAR,338793000
408,CORN,NE,STOCKS,"OFF FARM, GRAIN",BU,NE,POINT IN TIME,1989,FIRST OF JUN,229819000
409,CORN,NE,STOCKS,"OFF FARM, GRAIN",BU,NE,POINT IN TIME,1989,FIRST OF SEP,185692000
410,CORN,NE,STOCKS,"OFF FARM, GRAIN",BU,NE,POINT IN TIME,1989,FIRST OF DEC,343768000
411,CORN,NE,STOCKS,"OFF FARM, GRAIN",BU,NE,POINT IN TIME,1988,FIRST OF MAR,415716000
412,CORN,NE,STOCKS,"OFF FARM, GRAIN",BU,NE,POINT IN TIME,1988,FIRST OF JUN,339139000
413,CORN,NE,STOCKS,"OFF FARM, GRAIN",BU,NE,POINT IN TIME,1988,FIRST OF SEP,313529000
414,CORN,NE,STOCKS,"OFF FARM, GRAIN",BU,NE,POINT IN TIME,1988,FIRST OF DEC,419631000
415,CORN,NE,STOCKS,"OFF FARM, GRAIN",BU,NE,POINT IN TIME,1987,FIRST OF MAR,412360000
416,CORN,NE,STOCKS,"OFF FARM, GRAIN",BU,NE,POINT IN TIME,1987,FIRST OF JUN,393809000
417,CORN,NE,STOCKS,"OFF FARM, GRAIN",BU,NE,POINT IN TIME,1987,FIRST OF SEP,360619000
418,CORN,NE,STOCKS,"OFF FARM, GRAIN",BU,NE,POINT IN TIME,1987,FIRST OF DEC,479543000
419,CORN,NE,STOCKS,"OFF FARM, GRAIN",BU,NE,POINT IN TIME,1986,FIRST OF MAR,255832000
420,CORN,NE,STOCKS,"OFF FARM, GRAIN",BU,NE,POINT IN TIME,1986,FIRST OF JUN,246056000
421,CORN,NE,STOCKS,"OFF FARM, GRAIN",BU,NE,POINT IN TIME,1986,FIRST OF SEP,292324000
422,CORN,NE,STOCKS,"OFF FARM, GRAIN",BU,NE,POINT IN TIME,1986,FIRST OF DEC,441382000
423,CORN,NE,STOCKS,"OFF FARM, GRAIN",BU,NE,POINT IN TIME,1985,FIRST OF MAR,157761000
424,CORN,NE,STOCKS,"OFF FARM, GRAIN",BU,NE,POINT IN TIME,1985,FIRST OF JUN,125598000
425,CORN,NE,STOCKS,"OFF FARM, GRAIN",BU,NE,POINT IN TIME,1985,FIRST OF SEP,143243000
426,CORN,NE,STOCKS,"OFF FARM, GRAIN",BU,NE,POINT IN TIME,1985,FIRST OF DEC,301023000
427,CORN,NE,STOCKS,"OFF FARM, GRAIN",BU,NE,POINT IN TIME,1984,FIRST OF MAR,217031000
428,CORN,NE,STOCKS,"OFF FARM, GRAIN",BU,NE,POINT IN TIME,1984,FIRST OF JUN,160682000
429,CORN,NE,STOCKS,"OFF FARM, GRAIN",BU,NE,POINT IN TIME,1984,FIRST OF SEP,84613000
430,CORN,NE,STOCKS,"OFF FARM, GRAIN",BU,NE,POINT IN TIME,1984,FIRST OF DEC,197725000
431,CORN,NE,STOCKS,"OFF FARM, GRAIN",BU,NE,POINT IN TIME,1983,FIRST OF MAR,281792000
432,CORN,NE,STOCKS,"OFF FARM, GRAIN",BU,NE,POINT IN TIME,1983,FIRST OF JUN,294494000
433,CORN,NE,STOCKS,"OFF FARM, GRAIN",BU,NE,POINT IN TIME,1983,FIRST OF SEP,295887000
434,CORN,NE,STOCKS,"OFF FARM, GRAIN",BU,NE,POINT IN TIME,1983,FIRST OF DEC,294975000
435,CORN,NE,STOCKS,"OFF FARM, GRAIN",BU,NE,POINT IN TIME,1982,FIRST OF MAR,169783000
436,CORN,NE,STOCKS,"OFF FARM, GRAIN",BU,NE,POINT IN TIME,1982,FIRST OF JUN,155300000
437,CORN,NE,STOCKS,"OFF FARM, GRAIN",BU,NE,POINT IN TIME,1982,FIRST OF SEP,170480000
438,CORN,NE,STOCKS,"OFF FARM, GRAIN",BU,NE,POINT IN TIME,1982,FIRST OF DEC,284721000
439,CORN,NE,STOCKS,"OFF FARM, GRAIN",BU,NE,POINT IN TIME,1981,FIRST OF MAR,135255000
440,CORN,NE,STOCKS,"OFF FARM, GRAIN",BU,NE,POINT IN TIME,1981,FIRST OF JUN,91503000
441,CORN,NE,STOCKS,"OFF FARM, GRAIN",BU,NE,POINT IN TIME,1981,FIRST OF SEP,68734000
442,CORN,NE,STOCKS,"OFF FARM, GRAIN",BU,NE,POINT IN TIME,1981,FIRST OF DEC,190287000
443,CORN,NE,STOCKS,"OFF FARM, GRAIN",BU,NE,POINT IN TIME,1980,FIRST OF MAR,179034000
444,CORN,NE,STOCKS,"OFF FARM, GRAIN",BU,NE,POINT IN TIME,1980,FIRST OF JUN,146066000
445,CORN,NE,STOCKS,"OFF FARM, GRAIN",BU,NE,POINT IN TIME,1980,FIRST OF SEP,122919000
446,CORN,NE,STOCKS,"OFF FARM, GRAIN",BU,NE,POINT IN TIME,1980,FIRST OF DEC,181083000
447,CORN,NE,STOCKS,"OFF FARM, GRAIN",BU,NE,POINT IN TIME,1979,FIRST OF MAR,152244000
448,CORN,NE,STOCKS,"OFF FARM, GRAIN",BU,NE,POINT IN TIME,1979,FIRST OF JUN,126934000
449,CORN,NE,STOCKS,"OFF FARM, GRAIN",BU,NE,POINT IN TIME,1979,FIRST OF SEP,101752000
450,CORN,NE,STOCKS,"OFF FARM, GRAIN",BU,NE,POINT IN TIME,1979,FIRST OF DEC,212310000
451,CORN,NE,STOCKS,"OFF FARM, GRAIN",BU,NE,POINT IN TIME,1978,FIRST OF MAR,129955000
452,CORN,NE,STOCKS,"OFF FARM, GRAIN",BU,NE,POINT IN TIME,1978,FIRST OF JUN,95691000
453,CORN,NE,STOCKS,"OFF FARM, GRAIN",BU,NE,POINT IN TIME,1978,FIRST OF SEP,62760000
454,CORN,NE,STOCKS,"OFF FARM, GRAIN",BU,NE,POINT IN TIME,1978,FIRST OF DEC,178849000
455,CORN,NE,STOCKS,"OFF FARM, GRAIN",BU,NE,POINT IN TIME,1977,FIRST OF MAR,90611000
456,CORN,NE,STOCKS,"OFF FARM, GRAIN",BU,NE,POINT IN TIME,1977,FIRST OF JUN,60265000
457,CORN,NE,STOCKS,"OFF FARM, GRAIN",BU,NE,POINT IN TIME,1977,FIRST OF SEP,47626000
458,CORN,NE,STOCKS,"OFF FARM, GRAIN",BU,NE,POINT IN TIME,1977,FIRST OF DEC,172395000
459,CORN,NE,STOCKS,"OFF FARM, GRAIN",BU,NE,POINT IN TIME,1976,FIRST OF MAR,76708000
460,CORN,NE,STOCKS,"OFF FARM, GRAIN",BU,NE,POINT IN TIME,1976,FIRST OF JUN,50847000
461,CORN,NE,STOCKS,"OFF FARM, GRAIN",BU,NE,POINT IN TIME,1976,FIRST OF SEP,12734000
462,CORN,NE,STOCKS,"OFF FARM, GRAIN",BU,NE,POINT IN TIME,1976,FIRST OF DEC,137424000
463,CORN,NE,STOCKS,"OFF FARM, GRAIN",BU,NE,POINT IN TIME,1975,FIRST OF MAR,51990000
464,CORN,NE,STOCKS,"OFF FARM, GRAIN",BU,NE,POINT IN TIME,1975,FIRST OF JUN,26533000
465,CORN,NE,STOCKS,"OFF FARM, GRAIN",BU,NE,POINT IN TIME,1975,FIRST OF SEP,12809000
466,CORN,NE,STOCKS,"OFF FARM, GRAIN",BU,NE,POINT IN TIME,1975,FIRST OF DEC,115159000
467,CORN,NE,STOCKS,"OFF FARM, GRAIN",BU,NE,POINT IN TIME,1974,FIRST OF MAR,101446000
468,CORN,NE,STOCKS,"OFF FARM, GRAIN",BU,NE,POINT IN TIME,1974,FIRST OF JUN,41342000
469,CORN,NE,STOCKS,"OFF FARM, GRAIN",BU,NE,POINT IN TIME,1974,FIRST OF SEP,14223000
470,CORN,NE,STOCKS,"OFF FARM, GRAIN",BU,NE,POINT IN TIME,1974,FIRST OF DEC,93893000
471,CORN,NE,STOCKS,"OFF FARM, GRAIN",BU,NE,POINT IN TIME,1973,FIRST OF MAR,116938000
472,CORN,NE,STOCKS,"OFF FARM, GRAIN",BU,NE,POINT IN TIME,1973,FIRST OF JUN,84737000
473,CORN,NE,STOCKS,"OFF FARM, GRAIN",BU,NE,POINT IN TIME,1973,FIRST OF SEP,49890000
474,CORN,NE,STOCKS,"OFF FARM, GRAIN",BU,NE,POINT IN TIME,1973,FIRST OF DEC,122311000
475,CORN,NE,STOCKS,"OFF FARM, GRAIN",BU,NE,POINT IN TIME,1972,FIRST OF MAR,89017000
476,CORN,NE,STOCKS,"OFF FARM, GRAIN",BU,NE,POINT IN TIME,1972,FIRST OF JUN,69208000
477,CORN,NE,STOCKS,"OFF FARM, GRAIN",BU,NE,POINT IN TIME,1972,FIRST OF SEP,57372000
478,CORN,NE,STOCKS,"OFF FARM, GRAIN",BU,NE,POINT IN TIME,1972,FIRST OF DEC,142043000
479,CORN,NE,STOCKS,"OFF FARM, GRAIN",BU,NE,POINT IN TIME,1971,FIRST OF MAR,76582000
480,CORN,NE,STOCKS,"OFF FARM, GRAIN",BU,NE,POINT IN TIME,1971,FIRST OF JUN,50921000
481,CORN,NE,STOCKS,"OFF FARM, GRAIN",BU,NE,POINT IN TIME,1971,FIRST OF SEP,46330000
482,CORN,NE,STOCKS,"OFF FARM, GRAIN",BU,NE,POINT IN TIME,1971,FIRST OF DEC,108548000
483,CORN,NE,STOCKS,"OFF FARM, GRAIN",BU,NE,POINT IN TIME,1970,FIRST OF MAR,96792000
484,CORN,NE,STOCKS,"OFF FARM, GRAIN",BU,NE,POINT IN TIME,1970,FIRST OF JUN,69084000
485,CORN,NE,STOCKS,"OFF FARM, GRAIN",BU,NE,POINT IN TIME,1970,FIRST OF SEP,63561000
486,CORN,NE,STOCKS,"OFF FARM, GRAIN",BU,NE,POINT IN TIME,1970,FIRST OF DEC,113000000
487,CORN,NE,STOCKS,"OFF FARM, GRAIN",BU,NE,POINT IN TIME,1969,FIRST OF MAR,82021000
488,CORN,NE,STOCKS,"OFF FARM, GRAIN",BU,NE,POINT IN TIME,1969,FIRST OF JUN,70266000
489,CORN,NE,STOCKS,"OFF FARM, GRAIN",BU,NE,POINT IN TIME,1969,FIRST OF SEP,59341000
490,CORN,NE,STOCKS,"OFF FARM, GRAIN",BU,NE,POINT IN TIME,1969,FIRST OF DEC,124284000
491,CORN,NE,STOCKS,"OFF FARM, GRAIN",BU,NE,POINT IN TIME,1968,FIRST OF MAR,71743000
492,CORN,NE,STOCKS,"OFF FARM, GRAIN",BU,NE,POINT IN TIME,1968,FIRST OF JUN,57035000
493,CORN,NE,STOCKS,"OFF FARM, GRAIN",BU,NE,POINT IN TIME,1968,FIRST OF SEP,54178000
494,CORN,NE,STOCKS,"OFF FARM, GRAIN",BU,NE,POINT IN TIME,1968,FIRST OF DEC,95378000
495,CORN,NE,STOCKS,"OFF FARM, GRAIN",BU,NE,POINT IN TIME,1967,FIRST OF MAR,75089000
496,CORN,NE,STOCKS,"OFF FARM, GRAIN",BU,NE,POINT IN TIME,1967,FIRST OF JUN,56509000
497,CORN,NE,STOCKS,"OFF FARM, GRAIN",BU,NE,POINT IN TIME,1967,FIRST OF SEP,46977000
498,CORN,NE,STOCKS,"OFF FARM, GRAIN",BU,NE,POINT IN TIME,1967,FIRST OF DEC,81818000
499,CORN,NE,STOCKS,"OFF FARM, GRAIN",BU,NE,POINT IN TIME,1966,FIRST OF MAR,87632000
500,CORN,NE,STOCKS,"OFF FARM, GRAIN",BU,NE,POINT IN TIME,1966,FIRST OF JUN,62484000
501,CORN,NE,STOCKS,"OFF FARM, GRAIN",BU,NE,POINT IN TIME,1966,FIRST OF SEP,47464000
502,CORN,NE,STOCKS,"OFF FARM, GRAIN",BU,NE,POINT IN TIME,1966,FIRST OF DEC,74236000
503,CORN,NE,STOCKS,"OFF FARM, GRAIN",BU,NE,POINT IN TIME,1965,FIRST OF MAR,112482000
504,CORN,NE,STOCKS,"OFF FARM, GRAIN",BU,NE,POINT IN TIME,1965,FIRST OF JUN,80619000
505,CORN,NE,STOCKS,"OFF FARM, GRAIN",BU,NE,POINT IN TIME,1965,FIRST OF SEP,99923000
506,CORN,NE,STOCKS,"OFF FARM, GRAIN",BU,NE,POINT IN TIME,1965,FIRST OF DEC,114331000
507,CORN,NE,STOCKS,"OFF FARM, GRAIN",BU,NE,POINT IN TIME,1964,FIRST OF MAR,120390000
508,CORN,NE,STOCKS,"OFF FARM, GRAIN",BU,NE,POINT IN TIME,1964,FIRST OF JUN,111283000
509,CORN,NE,STOCKS,"OFF FARM, GRAIN",BU,NE,POINT IN TIME,1964,FIRST OF SEP,133065000
510,CORN,NE,STOCKS,"OFF FARM, GRAIN",BU,NE,POINT IN TIME,1964,FIRST OF DEC,137131000
511,CORN,NE,STOCKS,"OFF FARM, GRAIN",BU,NE,POINT IN TIME,1963,FIRST OF MAR,129694000
512,CORN,NE,STOCKS,"OFF FARM, GRAIN",BU,NE,POINT IN TIME,1963,FIRST OF JUN,94080000
513,CORN,NE,STOCKS,"OFF FARM, GRAIN",BU,NE,POINT IN TIME,1963,FIRST OF SEP,131537000
514,CORN,NE,STOCKS,"OFF FARM, GRAIN",BU,NE,POINT IN TIME,1963,FIRST OF DEC,139753000
515,CORN,NE,STOCKS,"OFF FARM, GRAIN",BU,NE,POINT IN TIME,1962,FIRST OF MAR,150453000
516,CORN,NE,STOCKS,"OFF FARM, GRAIN",BU,NE,POINT IN TIME,1962,FIRST OF JUN,126101000
517,CORN,NE,STOCKS,"OFF FARM, GRAIN",BU,NE,POINT IN TIME,1962,FIRST OF SEP,162946000
518,CORN,NE,STOCKS,"OFF FARM, GRAIN",BU,NE,POINT IN TIME,1962,FIRST OF DEC,155093000
519,CORN,NE,STOCKS,"OFF FARM, GRAIN",BU,NE,POINT IN TIME,1961,FIRST OF MAR,188226000
520,CORN,NE,STOCKS,"OFF FARM, GRAIN",BU,NE,POINT IN TIME,1961,FIRST OF JUN,156235000
521,CORN,NE,STOCKS,"OFF FARM, GRAIN",BU,NE,POINT IN TIME,1961,FIRST OF SEP,191066000
522,CORN,NE,STOCKS,"OFF FARM, GRAIN",BU,NE,POINT IN TIME,1961,FIRST OF DEC,176437000
523,CORN,NE,STOCKS,"OFF FARM, GRAIN",BU,NE,POINT IN TIME,1960,FIRST OF MAR,141120000
524,CORN,NE,STOCKS,"OFF FARM, GRAIN",BU,NE,POINT IN TIME,1960,FIRST OF JUN,135750000
525,CORN,NE,STOCKS,"OFF FARM, GRAIN",BU,NE,POINT IN TIME,1960,FIRST OF SEP,169640000
526,CORN,NE,STOCKS,"OFF FARM, GRAIN",BU,NE,POINT IN TIME,1960,FIRST OF DEC,204224000
527,CORN,NE,STOCKS,"OFF FARM, GRAIN",BU,NE,POINT IN TIME,1959,FIRST OF MAR,122122000
528,CORN,NE,STOCKS,"OFF FARM, GRAIN",BU,NE,POINT IN TIME,1959,FIRST OF JUN,103707000
529,CORN,NE,STOCKS,"OFF FARM, GRAIN",BU,NE,POINT IN TIME,1959,FIRST OF SEP,131181000
530,CORN,NE,STOCKS,"OFF FARM, GRAIN",BU,NE,POINT IN TIME,1959,FIRST OF DEC,145198000
531,CORN,NE,STOCKS,"OFF FARM, GRAIN",BU,NE,POINT IN TIME,1958,FIRST OF MAR,117086000
532,CORN,NE,STOCKS,"OFF FARM, GRAIN",BU,NE,POINT IN TIME,1958,FIRST OF JUN,113554000
533,CORN,NE,STOCKS,"OFF FARM, GRAIN",BU,NE,POINT IN TIME,1958,FIRST OF SEP,127357000
534,CORN,NE,STOCKS,"OFF FARM, GRAIN",BU,NE,POINT IN TIME,1958,FIRST OF DEC,133107000
535,CORN,NE,STOCKS,"OFF FARM, GRAIN",BU,NE,POINT IN TIME,1957,FIRST OF MAR,103800000
536,CORN,NE,STOCKS,"OFF FARM, GRAIN",BU,NE,POINT IN TIME,1957,FIRST OF JUN,100032000
537,CORN,NE,STOCKS,"OFF FARM, GRAIN",BU,NE,POINT IN TIME,1957,FIRST OF SEP,114465000
538,CORN,NE,STOCKS,"OFF FARM, GRAIN",BU,NE,POINT IN TIME,1957,FIRST OF DEC,124924000
539,CORN,NE,STOCKS,"OFF FARM, GRAIN",BU,NE,POINT IN TIME,1956,FIRST OF MAR,87948000
540,CORN,NE,STOCKS,"OFF FARM, GRAIN",BU,NE,POINT IN TIME,1956,FIRST OF JUN,83423000
541,CORN,NE,STOCKS,"OFF FARM, GRAIN",BU,NE,POINT IN TIME,1956,FIRST OF SEP,91458000
542,CORN,NE,STOCKS,"OFF FARM, GRAIN",BU,NE,POINT IN TIME,1956,FIRST OF DEC,102454000
543,CORN,NE,STOCKS,"OFF FARM, GRAIN",BU,NE,POINT IN TIME,1955,FIRST OF MAR,76418000
544,CORN,NE,STOCKS,"OFF FARM, GRAIN",BU,NE,POINT IN TIME,1955,FIRST OF JUN,69523000
545,CORN,NE,STOCKS,"OFF FARM, GRAIN",BU,NE,POINT IN TIME,1955,FIRST OF SEP,85045000
546,CORN,NE,STOCKS,"OFF FARM, GRAIN",BU,NE,POINT IN TIME,1955,FIRST OF DEC,90159000
547,CORN,NE,STOCKS,"OFF FARM, GRAIN",BU,NE,POINT IN TIME,1954,FIRST OF MAR,61614000
548,CORN,NE,STOCKS,"OFF FARM, GRAIN",BU,NE,POINT IN TIME,1954,FIRST OF JUN,48299000
549,CORN,NE,STOCKS,"OFF FARM, GRAIN",BU,NE,POINT IN TIME,1954,FIRST OF SEP,74040000
550,CORN,NE,STOCKS,"OFF FARM, GRAIN",BU,NE,POINT IN TIME,1954,FIRST OF DEC,79469000
551,CORN,NE,STOCKS,"OFF FARM, GRAIN",BU,NE,POINT IN TIME,1953,FIRST OF MAR,46474000
552,CORN,NE,STOCKS,"OFF FARM, GRAIN",BU,NE,POINT IN TIME,1953,FIRST OF JUN,39378000
553,CORN,NE,STOCKS,"OFF FARM, GRAIN",BU,NE,POINT IN TIME,1953,FIRST OF SEP,45555000
554,CORN,NE,STOCKS,"OFF FARM, GRAIN",BU,NE,POINT IN TIME,1953,FIRST OF DEC,75102000
555,CORN,NE,STOCKS,"OFF FARM, GRAIN",BU,NE,POINT IN TIME,1952,FIRST OF MAR,56596000
556,CORN,NE,STOCKS,"OFF FARM, GRAIN",BU,NE,POINT IN TIME,1952,FIRST OF JUN,47474000
557,CORN,NE,STOCKS,"OFF FARM, GRAIN",BU,NE,POINT IN TIME,1952,FIRST OF SEP,44499000
558,CORN,NE,STOCKS,"OFF FARM, GRAIN",BU,NE,POINT IN TIME,1952,FIRST OF DEC,50686000
559,CORN,NE,STOCKS,"OFF FARM, GRAIN",BU,NE,POINT IN TIME,1951,FIRST OF MAR,68394000
560,CORN,NE,STOCKS,"OFF FARM, GRAIN",BU,NE,POINT IN TIME,1951,FIRST OF JUN,61637000
561,CORN,NE,STOCKS,"OFF FARM, GRAIN",BU,NE,POINT IN TIME,1951,FIRST OF SEP,60215000
562,CORN,NE,STOCKS,"OFF FARM, GRAIN",BU,NE,POINT IN TIME,1951,FIRST OF DEC,58811000
563,CORN,NE,STOCKS,"OFF FARM, GRAIN",BU,NE,POINT IN TIME,1950,FIRST OF MAR,39931000
564,CORN,NE,STOCKS,"OFF FARM, GRAIN",BU,NE,POINT IN TIME,1950,FIRST OF JUN,39421000
565,CORN,NE,STOCKS,"OFF FARM, GRAIN",BU,NE,POINT IN TIME,1950,FIRST OF SEP,42773000
566,CORN,NE,STOCKS,"OFF FARM, GRAIN",BU,NE,POINT IN TIME,1950,FIRST OF DEC,68973000
567,CORN,NE,STOCKS,"OFF FARM, GRAIN",BU,NE,POINT IN TIME,1949,FIRST OF DEC,46367000
568,CORN,NE,STOCKS,"ON FARM, GRAIN",BU,NE,POINT IN TIME,2020,FIRST OF MAR,570000000
569,CORN,NE,STOCKS,"ON FARM, GRAIN",BU,NE,POINT IN TIME,2020,FIRST OF JUN,310000000
570,CORN,NE,STOCKS,"ON FARM, GRAIN",BU,NE,POINT IN TIME,2020,FIRST OF SEP,87000000
571,CORN,NE,STOCKS,"ON FARM, GRAIN",BU,NE,POINT IN TIME,2019,FIRST OF MAR,600000000
572,CORN,NE,STOCKS,"ON FARM, GRAIN",BU,NE,POINT IN TIME,2019,FIRST OF JUN,310000000
573,CORN,NE,STOCKS,"ON FARM, GRAIN",BU,NE,POINT IN TIME,2019,FIRST OF SEP,85000000
574,CORN,NE,STOCKS,"ON FARM, GRAIN",BU,NE,POINT IN TIME,2019,FIRST OF DEC,940000000
575,CORN,NE,STOCKS,"ON FARM, GRAIN",BU,NE,POINT IN TIME,2018,FIRST OF MAR,540000000
576,CORN,NE,STOCKS,"ON FARM, GRAIN",BU,NE,POINT IN TIME,2018,FIRST OF JUN,280000000
577,CORN,NE,STOCKS,"ON FARM, GRAIN",BU,NE,POINT IN TIME,2018,FIRST OF SEP,61000000
578,CORN,NE,STOCKS,"ON FARM, GRAIN",BU,NE,POINT IN TIME,2018,FIRST OF DEC,910000000
579,CORN,NE,STOCKS,"ON FARM, GRAIN",BU,NE,POINT IN TIME,2017,FIRST OF MAR,590000000
580,CORN,NE,STOCKS,"ON FARM, GRAIN",BU,NE,POINT IN TIME,2017,FIRST OF JUN,305000000
581,CORN,NE,STOCKS,"ON FARM, GRAIN",BU,NE,POINT IN TIME,2017,FIRST OF SEP,91000000
582,CORN,NE,STOCKS,"ON FARM, GRAIN",BU,NE,POINT IN TIME,2017,FIRST OF DEC,910000000
583,CORN,NE,STOCKS,"ON FARM, GRAIN",BU,NE,POINT IN TIME,2016,FIRST OF MAR,530000000
584,CORN,NE,STOCKS,"ON FARM, GRAIN",BU,NE,POINT IN TIME,2016,FIRST OF JUN,285000000
585,CORN,NE,STOCKS,"ON FARM, GRAIN",BU,NE,POINT IN TIME,2016,FIRST OF SEP,84000000
586,CORN,NE,STOCKS,"ON FARM, GRAIN",BU,NE,POINT IN TIME,2016,FIRST OF DEC,870000000
587,CORN,NE,STOCKS,"ON FARM, GRAIN",BU,NE,POINT IN TIME,2015,FIRST OF MAR,430000000
588,CORN,NE,STOCKS,"ON FARM, GRAIN",BU,NE,POINT IN TIME,2015,FIRST OF JUN,220000000
589,CORN,NE,STOCKS,"ON FARM, GRAIN",BU,NE,POINT IN TIME,2015,FIRST OF SEP,51000000
590,CORN,NE,STOCKS,"ON FARM, GRAIN",BU,NE,POINT IN TIME,2015,FIRST OF DEC,820000000
591,CORN,NE,STOCKS,"ON FARM, GRAIN",BU,NE,POINT IN TIME,2014,FIRST OF MAR,440000000
592,CORN,NE,STOCKS,"ON FARM, GRAIN",BU,NE,POINT IN TIME,2014,FIRST OF JUN,190000000
593,CORN,NE,STOCKS,"ON FARM, GRAIN",BU,NE,POINT IN TIME,2014,FIRST OF SEP,48000000
594,CORN,NE,STOCKS,"ON FARM, GRAIN",BU,NE,POINT IN TIME,2014,FIRST OF DEC,780000000
595,CORN,NE,STOCKS,"ON FARM, GRAIN",BU,NE,POINT IN TIME,2013,FIRST OF MAR,285000000
596,CORN,NE,STOCKS,"ON FARM, GRAIN",BU,NE,POINT IN TIME,2013,FIRST OF JUN,130000000
597,CORN,NE,STOCKS,"ON FARM, GRAIN",BU,NE,POINT IN TIME,2013,FIRST OF SEP,22000000
598,CORN,NE,STOCKS,"ON FARM, GRAIN",BU,NE,POINT IN TIME,2013,FIRST OF DEC,760000000
599,CORN,NE,STOCKS,"ON FARM, GRAIN",BU,NE,POINT IN TIME,2012,FIRST OF MAR,350000000
600,CORN,NE,STOCKS,"ON FARM, GRAIN",BU,NE,POINT IN TIME,2012,FIRST OF JUN,170000000
601,CORN,NE,STOCKS,"ON FARM, GRAIN",BU,NE,POINT IN TIME,2012,FIRST OF SEP,28000000
602,CORN,NE,STOCKS,"ON FARM, GRAIN",BU,NE,POINT IN TIME,2012,FIRST OF DEC,570000000
603,CORN,NE,STOCKS,"ON FARM, GRAIN",BU,NE,POINT IN TIME,2011,FIRST OF MAR,380000000
604,CORN,NE,STOCKS,"ON FARM, GRAIN",BU,NE,POINT IN TIME,2011,FIRST OF JUN,190000000
605,CORN,NE,STOCKS,"ON FARM, GRAIN",BU,NE,POINT IN TIME,2011,FIRST OF SEP,24000000
606,CORN,NE,STOCKS,"ON FARM, GRAIN",BU,NE,POINT IN TIME,2011,FIRST OF DEC,730000000
607,CORN,NE,STOCKS,"ON FARM, GRAIN",BU,NE,POINT IN TIME,2010,FIRST OF MAR,530000000
608,CORN,NE,STOCKS,"ON FARM, GRAIN",BU,NE,POINT IN TIME,2010,FIRST OF JUN,255000000
609,CORN,NE,STOCKS,"ON FARM, GRAIN",BU,NE,POINT IN TIME,2010,FIRST OF SEP,48000000
610,CORN,NE,STOCKS,"ON FARM, GRAIN",BU,NE,POINT IN TIME,2010,FIRST OF DEC,740000000
611,CORN,NE,STOCKS,"ON FARM, GRAIN",BU,NE,POINT IN TIME,2009,FIRST OF MAR,490000000
612,CORN,NE,STOCKS,"ON FARM, GRAIN",BU,NE,POINT IN TIME,2009,FIRST OF JUN,250000000
613,CORN,NE,STOCKS,"ON FARM, GRAIN",BU,NE,POINT IN TIME,2009,FIRST OF SEP,67000000
614,CORN,NE,STOCKS,"ON FARM, GRAIN",BU,NE,POINT IN TIME,2009,FIRST OF DEC,930000000
615,CORN,NE,STOCKS,"ON FARM, GRAIN",BU,NE,POINT IN TIME,2008,FIRST OF MAR,430000000
616,CORN,NE,STOCKS,"ON FARM, GRAIN",BU,NE,POINT IN TIME,2008,FIRST OF JUN,180000000
617,CORN,NE,STOCKS,"ON FARM, GRAIN",BU,NE,POINT IN TIME,2008,FIRST OF SEP,48000000
618,CORN,NE,STOCKS,"ON FARM, GRAIN",BU,NE,POINT IN TIME,2008,FIRST OF DEC,780000000
619,CORN,NE,STOCKS,"ON FARM, GRAIN",BU,NE,POINT IN TIME,2007,FIRST OF MAR,340000000
620,CORN,NE,STOCKS,"ON FARM, GRAIN",BU,NE,POINT IN TIME,2007,FIRST OF JUN,180000000
621,CORN,NE,STOCKS,"ON FARM, GRAIN",BU,NE,POINT IN TIME,2007,FIRST OF SEP,47000000
622,CORN,NE,STOCKS,"ON FARM, GRAIN",BU,NE,POINT IN TIME,2007,FIRST OF DEC,780000000
623,CORN,NE,STOCKS,"ON FARM, GRAIN",BU,NE,POINT IN TIME,2006,FIRST OF MAR,470000000
624,CORN,NE,STOCKS,"ON FARM, GRAIN",BU,NE,POINT IN TIME,2006,FIRST OF JUN,275000000
625,CORN,NE,STOCKS,"ON FARM, GRAIN",BU,NE,POINT IN TIME,2006,FIRST OF SEP,85000000
626,CORN,NE,STOCKS,"ON FARM, GRAIN",BU,NE,POINT IN TIME,2006,FIRST OF DEC,630000000
627,CORN,NE,STOCKS,"ON FARM, GRAIN",BU,NE,POINT IN TIME,2005,FIRST OF MAR,520000000
628,CORN,NE,STOCKS,"ON FARM, GRAIN",BU,NE,POINT IN TIME,2005,FIRST OF JUN,290000000
629,CORN,NE,STOCKS,"ON FARM, GRAIN",BU,NE,POINT IN TIME,2005,FIRST OF SEP,100000000
630,CORN,NE,STOCKS,"ON FARM, GRAIN",BU,NE,POINT IN TIME,2005,FIRST OF DEC,780000000
631,CORN,NE,STOCKS,"ON FARM, GRAIN",BU,NE,POINT IN TIME,2004,FIRST OF MAR,380000000
632,CORN,NE,STOCKS,"ON FARM, GRAIN",BU,NE,POINT IN TIME,2004,FIRST OF JUN,160000000
633,CORN,NE,STOCKS,"ON FARM, GRAIN",BU,NE,POINT IN TIME,2004,FIRST OF SEP,49000000
634,CORN,NE,STOCKS,"ON FARM, GRAIN",BU,NE,POINT IN TIME,2004,FIRST OF DEC,760000000
635,CORN,NE,STOCKS,"ON FARM, GRAIN",BU,NE,POINT IN TIME,2003,FIRST OF MAR,325000000
636,CORN,NE,STOCKS,"ON FARM, GRAIN",BU,NE,POINT IN TIME,2003,FIRST OF JUN,165000000
637,CORN,NE,STOCKS,"ON FARM, GRAIN",BU,NE,POINT IN TIME,2003,FIRST OF SEP,54000000
638,CORN,NE,STOCKS,"ON FARM, GRAIN",BU,NE,POINT IN TIME,2003,FIRST OF DEC,650000000
639,CORN,NE,STOCKS,"ON FARM, GRAIN",BU,NE,POINT IN TIME,2002,FIRST OF MAR,410000000
640,CORN,NE,STOCKS,"ON FARM, GRAIN",BU,NE,POINT IN TIME,2002,FIRST OF JUN,220000000
641,CORN,NE,STOCKS,"ON FARM, GRAIN",BU,NE,POINT IN TIME,2002,FIRST OF SEP,80000000
642,CORN,NE,STOCKS,"ON FARM, GRAIN",BU,NE,POINT IN TIME,2002,FIRST OF DEC,530000000
643,CORN,NE,STOCKS,"ON FARM, GRAIN",BU,NE,POINT IN TIME,2001,FIRST OF MAR,410000000
644,CORN,NE,STOCKS,"ON FARM, GRAIN",BU,NE,POINT IN TIME,2001,FIRST OF JUN,230000000
645,CORN,NE,STOCKS,"ON FARM, GRAIN",BU,NE,POINT IN TIME,2001,FIRST OF SEP,78000000
646,CORN,NE,STOCKS,"ON FARM, GRAIN",BU,NE,POINT IN TIME,2001,FIRST OF DEC,670000000
647,CORN,NE,STOCKS,"ON FARM, GRAIN",BU,NE,POINT IN TIME,2000,FIRST OF MAR,425000000
648,CORN,NE,STOCKS,"ON FARM, GRAIN",BU,NE,POINT IN TIME,2000,FIRST OF JUN,250000000
649,CORN,NE,STOCKS,"ON FARM, GRAIN",BU,NE,POINT IN TIME,2000,FIRST OF SEP,105000000
650,CORN,NE,STOCKS,"ON FARM, GRAIN",BU,NE,POINT IN TIME,2000,FIRST OF DEC,640000000
651,CORN,NE,STOCKS,"ON FARM, GRAIN",BU,NE,POINT IN TIME,1999,FIRST OF MAR,520000000
652,CORN,NE,STOCKS,"ON FARM, GRAIN",BU,NE,POINT IN TIME,1999,FIRST OF JUN,330000000
653,CORN,NE,STOCKS,"ON FARM, GRAIN",BU,NE,POINT IN TIME,1999,FIRST OF SEP,120000000
654,CORN,NE,STOCKS,"ON FARM, GRAIN",BU,NE,POINT IN TIME,1999,FIRST OF DEC,700000000
655,CORN,NE,STOCKS,"ON FARM, GRAIN",BU,NE,POINT IN TIME,1998,FIRST OF MAR,410000000
656,CORN,NE,STOCKS,"ON FARM, GRAIN",BU,NE,POINT IN TIME,1998,FIRST OF JUN,235000000
657,CORN,NE,STOCKS,"ON FARM, GRAIN",BU,NE,POINT IN TIME,1998,FIRST OF SEP,75000000
658,CORN,NE,STOCKS,"ON FARM, GRAIN",BU,NE,POINT IN TIME,1998,FIRST OF DEC,740000000
659,CORN,NE,STOCKS,"ON FARM, GRAIN",BU,NE,POINT IN TIME,1997,FIRST OF MAR,410000000
660,CORN,NE,STOCKS,"ON FARM, GRAIN",BU,NE,POINT IN TIME,1997,FIRST OF JUN,205000000
661,CORN,NE,STOCKS,"ON FARM, GRAIN",BU,NE,POINT IN TIME,1997,FIRST OF SEP,68000000
662,CORN,NE,STOCKS,"ON FARM, GRAIN",BU,NE,POINT IN TIME,1997,FIRST OF DEC,660000000
663,CORN,NE,STOCKS,"ON FARM, GRAIN",BU,NE,POINT IN TIME,1996,FIRST OF MAR,210000000
664,CORN,NE,STOCKS,"ON FARM, GRAIN",BU,NE,POINT IN TIME,1996,FIRST OF JUN,62000000
665,CORN,NE,STOCKS,"ON FARM, GRAIN",BU,NE,POINT IN TIME,1996,FIRST OF SEP,10000000
666,CORN,NE,STOCKS,"ON FARM, GRAIN",BU,NE,POINT IN TIME,1996,FIRST OF DEC,710000000
667,CORN,NE,STOCKS,"ON FARM, GRAIN",BU,NE,POINT IN TIME,1995,FIRST OF MAR,450000000
668,CORN,NE,STOCKS,"ON FARM, GRAIN",BU,NE,POINT IN TIME,1995,FIRST OF JUN,230000000
669,CORN,NE,STOCKS,"ON FARM, GRAIN",BU,NE,POINT IN TIME,1995,FIRST OF SEP,80000000
670,CORN,NE,STOCKS,"ON FARM, GRAIN",BU,NE,POINT IN TIME,1995,FIRST OF DEC,460000000
671,CORN,NE,STOCKS,"ON FARM, GRAIN",BU,NE,POINT IN TIME,1994,FIRST OF MAR,300000000
672,CORN,NE,STOCKS,"ON FARM, GRAIN",BU,NE,POINT IN TIME,1994,FIRST OF JUN,155000000
673,CORN,NE,STOCKS,"ON FARM, GRAIN",BU,NE,POINT IN TIME,1994,FIRST OF SEP,54000000
674,CORN,NE,STOCKS,"ON FARM, GRAIN",BU,NE,POINT IN TIME,1994,FIRST OF DEC,690000000
675,CORN,NE,STOCKS,"ON FARM, GRAIN",BU,NE,POINT IN TIME,1993,FIRST OF MAR,490000000
676,CORN,NE,STOCKS,"ON FARM, GRAIN",BU,NE,POINT IN TIME,1993,FIRST OF JUN,280000000
677,CORN,NE,STOCKS,"ON FARM, GRAIN",BU,NE,POINT IN TIME,1993,FIRST OF SEP,140000000
678,CORN,NE,STOCKS,"ON FARM, GRAIN",BU,NE,POINT IN TIME,1993,FIRST OF DEC,500000000
679,CORN,NE,STOCKS,"ON FARM, GRAIN",BU,NE,POINT IN TIME,1992,FIRST OF MAR,325000000
680,CORN,NE,STOCKS,"ON FARM, GRAIN",BU,NE,POINT IN TIME,1992,FIRST OF JUN,180000000
681,CORN,NE,STOCKS,"ON FARM, GRAIN",BU,NE,POINT IN TIME,1992,FIRST OF SEP,70000000
682,CORN,NE,STOCKS,"ON FARM, GRAIN",BU,NE,POINT IN TIME,1992,FIRST OF DEC,690000000
683,CORN,NE,STOCKS,"ON FARM, GRAIN",BU,NE,POINT IN TIME,1991,FIRST OF MAR,380000000
684,CORN,NE,STOCKS,"ON FARM, GRAIN",BU,NE,POINT IN TIME,1991,FIRST OF JUN,210000000
685,CORN,NE,STOCKS,"ON FARM, GRAIN",BU,NE,POINT IN TIME,1991,FIRST OF SEP,75000000
686,CORN,NE,STOCKS,"ON FARM, GRAIN",BU,NE,POINT IN TIME,1991,FIRST OF DEC,560000000
687,CORN,NE,STOCKS,"ON FARM, GRAIN",BU,NE,POINT IN TIME,1990,FIRST OF MAR,380000000
688,CORN,NE,STOCKS,"ON FARM, GRAIN",BU,NE,POINT IN TIME,1990,FIRST OF JUN,200000000
689,CORN,NE,STOCKS,"ON FARM, GRAIN",BU,NE,POINT IN TIME,1990,FIRST OF SEP,110000000
690,CORN,NE,STOCKS,"ON FARM, GRAIN",BU,NE,POINT IN TIME,1990,FIRST OF DEC,600000000
691,CORN,NE,STOCKS,"ON FARM, GRAIN",BU,NE,POINT IN TIME,1989,FIRST OF MAR,510000000
692,CORN,NE,STOCKS,"ON FARM, GRAIN",BU,NE,POINT IN TIME,1989,FIRST OF JUN,400000000
693,CORN,NE,STOCKS,"ON FARM, GRAIN",BU,NE,POINT IN TIME,1989,FIRST OF SEP,180000000
694,CORN,NE,STOCKS,"ON FARM, GRAIN",BU,NE,POINT IN TIME,1989,FIRST OF DEC,580000000
695,CORN,NE,STOCKS,"ON FARM, GRAIN",BU,NE,POINT IN TIME,1988,FIRST OF MAR,630000000
696,CORN,NE,STOCKS,"ON FARM, GRAIN",BU,NE,POINT IN TIME,1988,FIRST OF JUN,500000000
697,CORN,NE,STOCKS,"ON FARM, GRAIN",BU,NE,POINT IN TIME,1988,FIRST OF SEP,310000000
698,CORN,NE,STOCKS,"ON FARM, GRAIN",BU,NE,POINT IN TIME,1988,FIRST OF DEC,690000000
699,CORN,NE,STOCKS,"ON FARM, GRAIN",BU,NE,POINT IN TIME,1987,FIRST OF MAR,670000000
700,CORN,NE,STOCKS,"ON FARM, GRAIN",BU,NE,POINT IN TIME,1987,FIRST OF JUN,500000000
701,CORN,NE,STOCKS,"ON FARM, GRAIN",BU,NE,POINT IN TIME,1987,FIRST OF SEP,370000000
702,CORN,NE,STOCKS,"ON FARM, GRAIN",BU,NE,POINT IN TIME,1987,FIRST OF DEC,810000000
703,CORN,NE,STOCKS,"ON FARM, GRAIN",BU,NE,POINT IN TIME,1986,FIRST OF MAR,514944000
704,CORN,NE,STOCKS,"ON FARM, GRAIN",BU,NE,POINT IN TIME,1986,FIRST OF JUN,448192000
705,CORN,NE,STOCKS,"ON FARM, GRAIN",BU,NE,POINT IN TIME,1986,FIRST OF SEP,335000000
706,CORN,NE,STOCKS,"ON FARM, GRAIN",BU,NE,POINT IN TIME,1986,FIRST OF DEC,880000000
707,CORN,NE,STOCKS,"ON FARM, GRAIN",BU,NE,POINT IN TIME,1985,FIRST OF MAR,386976000
708,CORN,NE,STOCKS,"ON FARM, GRAIN",BU,NE,POINT IN TIME,1985,FIRST OF JUN,330542000
709,CORN,NE,STOCKS,"ON FARM, GRAIN",BU,NE,POINT IN TIME,1985,FIRST OF SEP,145116000
710,CORN,NE,STOCKS,"ON FARM, GRAIN",BU,NE,POINT IN TIME,1985,FIRST OF DEC,686592000
711,CORN,NE,STOCKS,"ON FARM, GRAIN",BU,NE,POINT IN TIME,1984,FIRST OF MAR,282270000
712,CORN,NE,STOCKS,"ON FARM, GRAIN",BU,NE,POINT IN TIME,1984,FIRST OF JUN,188180000
713,CORN,NE,STOCKS,"ON FARM, GRAIN",BU,NE,POINT IN TIME,1984,FIRST OF SEP,79977000
714,CORN,NE,STOCKS,"ON FARM, GRAIN",BU,NE,POINT IN TIME,1984,FIRST OF DEC,540154000
715,CORN,NE,STOCKS,"ON FARM, GRAIN",BU,NE,POINT IN TIME,1983,FIRST OF MAR,508640000
716,CORN,NE,STOCKS,"ON FARM, GRAIN",BU,NE,POINT IN TIME,1983,FIRST OF JUN,441320000
717,CORN,NE,STOCKS,"ON FARM, GRAIN",BU,NE,POINT IN TIME,1983,FIRST OF SEP,284240000
718,CORN,NE,STOCKS,"ON FARM, GRAIN",BU,NE,POINT IN TIME,1983,FIRST OF DEC,432814000
719,CORN,NE,STOCKS,"ON FARM, GRAIN",BU,NE,POINT IN TIME,1982,FIRST OF MAR,379776000
720,CORN,NE,STOCKS,"ON FARM, GRAIN",BU,NE,POINT IN TIME,1982,FIRST OF JUN,324392000
721,CORN,NE,STOCKS,"ON FARM, GRAIN",BU,NE,POINT IN TIME,1982,FIRST OF SEP,213624000
722,CORN,NE,STOCKS,"ON FARM, GRAIN",BU,NE,POINT IN TIME,1982,FIRST OF DEC,733040000
723,CORN,NE,STOCKS,"ON FARM, GRAIN",BU,NE,POINT IN TIME,1981,FIRST OF MAR,265540000
724,CORN,NE,STOCKS,"ON FARM, GRAIN",BU,NE,POINT IN TIME,1981,FIRST OF JUN,181050000
725,CORN,NE,STOCKS,"ON FARM, GRAIN",BU,NE,POINT IN TIME,1981,FIRST OF SEP,72420000
726,CORN,NE,STOCKS,"ON FARM, GRAIN",BU,NE,POINT IN TIME,1981,FIRST OF DEC,553840000
727,CORN,NE,STOCKS,"ON FARM, GRAIN",BU,NE,POINT IN TIME,1980,FIRST OF MAR,444015000
728,CORN,NE,STOCKS,"ON FARM, GRAIN",BU,NE,POINT IN TIME,1980,FIRST OF JUN,361790000
729,CORN,NE,STOCKS,"ON FARM, GRAIN",BU,NE,POINT IN TIME,1980,FIRST OF SEP,213785000
730,CORN,NE,STOCKS,"ON FARM, GRAIN",BU,NE,POINT IN TIME,1980,FIRST OF DEC,422450000
731,CORN,NE,STOCKS,"ON FARM, GRAIN",BU,NE,POINT IN TIME,1979,FIRST OF MAR,389003000
732,CORN,NE,STOCKS,"ON FARM, GRAIN",BU,NE,POINT IN TIME,1979,FIRST OF JUN,305100000
733,CORN,NE,STOCKS,"ON FARM, GRAIN",BU,NE,POINT IN TIME,1979,FIRST OF SEP,160178000
734,CORN,NE,STOCKS,"ON FARM, GRAIN",BU,NE,POINT IN TIME,1979,FIRST OF DEC,616688000
735,CORN,NE,STOCKS,"ON FARM, GRAIN",BU,NE,POINT IN TIME,1978,FIRST OF MAR,298287000
736,CORN,NE,STOCKS,"ON FARM, GRAIN",BU,NE,POINT IN TIME,1978,FIRST OF JUN,233442000
737,CORN,NE,STOCKS,"ON FARM, GRAIN",BU,NE,POINT IN TIME,1978,FIRST OF SEP,136175000
738,CORN,NE,STOCKS,"ON FARM, GRAIN",BU,NE,POINT IN TIME,1978,FIRST OF DEC,564435000
739,CORN,NE,STOCKS,"ON FARM, GRAIN",BU,NE,POINT IN TIME,1977,FIRST OF MAR,181475000
740,CORN,NE,STOCKS,"ON FARM, GRAIN",BU,NE,POINT IN TIME,1977,FIRST OF JUN,129625000
741,CORN,NE,STOCKS,"ON FARM, GRAIN",BU,NE,POINT IN TIME,1977,FIRST OF SEP,31110000
742,CORN,NE,STOCKS,"ON FARM, GRAIN",BU,NE,POINT IN TIME,1977,FIRST OF DEC,421493000
743,CORN,NE,STOCKS,"ON FARM, GRAIN",BU,NE,POINT IN TIME,1976,FIRST OF MAR,176120000
744,CORN,NE,STOCKS,"ON FARM, GRAIN",BU,NE,POINT IN TIME,1976,FIRST OF JUN,115736000
745,CORN,NE,STOCKS,"ON FARM, GRAIN",BU,NE,POINT IN TIME,1976,FIRST OF SEP,17612000
746,CORN,NE,STOCKS,"ON FARM, GRAIN",BU,NE,POINT IN TIME,1976,FIRST OF DEC,295545000
747,CORN,NE,STOCKS,"ON FARM, GRAIN",BU,NE,POINT IN TIME,1975,FIRST OF MAR,135660000
748,CORN,NE,STOCKS,"ON FARM, GRAIN",BU,NE,POINT IN TIME,1975,FIRST OF JUN,79800000
749,CORN,NE,STOCKS,"ON FARM, GRAIN",BU,NE,POINT IN TIME,1975,FIRST OF SEP,17955000
750,CORN,NE,STOCKS,"ON FARM, GRAIN",BU,NE,POINT IN TIME,1975,FIRST OF DEC,291856000
751,CORN,NE,STOCKS,"ON FARM, GRAIN",BU,NE,POINT IN TIME,1974,FIRST OF MAR,205202000
752,CORN,NE,STOCKS,"ON FARM, GRAIN",BU,NE,POINT IN TIME,1974,FIRST OF JUN,105374000
753,CORN,NE,STOCKS,"ON FARM, GRAIN",BU,NE,POINT IN TIME,1974,FIRST OF SEP,30503000
754,CORN,NE,STOCKS,"ON FARM, GRAIN",BU,NE,POINT IN TIME,1974,FIRST OF DEC,215460000
755,CORN,NE,STOCKS,"ON FARM, GRAIN",BU,NE,POINT IN TIME,1973,FIRST OF MAR,320424000
756,CORN,NE,STOCKS,"ON FARM, GRAIN",BU,NE,POINT IN TIME,1973,FIRST OF JUN,186914000
757,CORN,NE,STOCKS,"ON FARM, GRAIN",BU,NE,POINT IN TIME,1973,FIRST OF SEP,37383000
758,CORN,NE,STOCKS,"ON FARM, GRAIN",BU,NE,POINT IN TIME,1973,FIRST OF DEC,349398000
759,CORN,NE,STOCKS,"ON FARM, GRAIN",BU,NE,POINT IN TIME,1972,FIRST OF MAR,288320000
760,CORN,NE,STOCKS,"ON FARM, GRAIN",BU,NE,POINT IN TIME,1972,FIRST OF JUN,198220000
761,CORN,NE,STOCKS,"ON FARM, GRAIN",BU,NE,POINT IN TIME,1972,FIRST OF SEP,90100000
762,CORN,NE,STOCKS,"ON FARM, GRAIN",BU,NE,POINT IN TIME,1972,FIRST OF DEC,395190000
763,CORN,NE,STOCKS,"ON FARM, GRAIN",BU,NE,POINT IN TIME,1971,FIRST OF MAR,278865000
764,CORN,NE,STOCKS,"ON FARM, GRAIN",BU,NE,POINT IN TIME,1971,FIRST OF JUN,209149000
765,CORN,NE,STOCKS,"ON FARM, GRAIN",BU,NE,POINT IN TIME,1971,FIRST OF SEP,80724000
766,CORN,NE,STOCKS,"ON FARM, GRAIN",BU,NE,POINT IN TIME,1971,FIRST OF DEC,360400000
767,CORN,NE,STOCKS,"ON FARM, GRAIN",BU,NE,POINT IN TIME,1970,FIRST OF MAR,308339000
768,CORN,NE,STOCKS,"ON FARM, GRAIN",BU,NE,POINT IN TIME,1970,FIRST OF JUN,234511000
769,CORN,NE,STOCKS,"ON FARM, GRAIN",BU,NE,POINT IN TIME,1970,FIRST OF SEP,134627000
770,CORN,NE,STOCKS,"ON FARM, GRAIN",BU,NE,POINT IN TIME,1970,FIRST OF DEC,352251000
771,CORN,NE,STOCKS,"ON FARM, GRAIN",BU,NE,POINT IN TIME,1969,FIRST OF MAR,269770000
772,CORN,NE,STOCKS,"ON FARM, GRAIN",BU,NE,POINT IN TIME,1969,FIRST OF JUN,213306000
773,CORN,NE,STOCKS,"ON FARM, GRAIN",BU,NE,POINT IN TIME,1969,FIRST OF SEP,138022000
774,CORN,NE,STOCKS,"ON FARM, GRAIN",BU,NE,POINT IN TIME,1969,FIRST OF DEC,425594000
775,CORN,NE,STOCKS,"ON FARM, GRAIN",BU,NE,POINT IN TIME,1968,FIRST OF MAR,253642000
776,CORN,NE,STOCKS,"ON FARM, GRAIN",BU,NE,POINT IN TIME,1968,FIRST OF JUN,186894000
777,CORN,NE,STOCKS,"ON FARM, GRAIN",BU,NE,POINT IN TIME,1968,FIRST OF SEP,133496000
778,CORN,NE,STOCKS,"ON FARM, GRAIN",BU,NE,POINT IN TIME,1968,FIRST OF DEC,351328000
779,CORN,NE,STOCKS,"ON FARM, GRAIN",BU,NE,POINT IN TIME,1967,FIRST OF MAR,229600000
780,CORN,NE,STOCKS,"ON FARM, GRAIN",BU,NE,POINT IN TIME,1967,FIRST OF JUN,157440000
781,CORN,NE,STOCKS,"ON FARM, GRAIN",BU,NE,POINT IN TIME,1967,FIRST OF SEP,121360000
782,CORN,NE,STOCKS,"ON FARM, GRAIN",BU,NE,POINT IN TIME,1967,FIRST OF DEC,327065000
783,CORN,NE,STOCKS,"ON FARM, GRAIN",BU,NE,POINT IN TIME,1966,FIRST OF MAR,237073000
784,CORN,NE,STOCKS,"ON FARM, GRAIN",BU,NE,POINT IN TIME,1966,FIRST OF JUN,149730000
785,CORN,NE,STOCKS,"ON FARM, GRAIN",BU,NE,POINT IN TIME,1966,FIRST OF SEP,89838000
786,CORN,NE,STOCKS,"ON FARM, GRAIN",BU,NE,POINT IN TIME,1966,FIRST OF DEC,311600000
787,CORN,NE,STOCKS,"ON FARM, GRAIN",BU,NE,POINT IN TIME,1965,FIRST OF MAR,225304000
788,CORN,NE,STOCKS,"ON FARM, GRAIN",BU,NE,POINT IN TIME,1965,FIRST OF JUN,176147000
789,CORN,NE,STOCKS,"ON FARM, GRAIN",BU,NE,POINT IN TIME,1965,FIRST OF SEP,122893000
790,CORN,NE,STOCKS,"ON FARM, GRAIN",BU,NE,POINT IN TIME,1965,FIRST OF DEC,301956000
791,CORN,NE,STOCKS,"ON FARM, GRAIN",BU,NE,POINT IN TIME,1964,FIRST OF MAR,286767000
792,CORN,NE,STOCKS,"ON FARM, GRAIN",BU,NE,POINT IN TIME,1964,FIRST OF JUN,229414000
793,CORN,NE,STOCKS,"ON FARM, GRAIN",BU,NE,POINT IN TIME,1964,FIRST OF SEP,140516000
794,CORN,NE,STOCKS,"ON FARM, GRAIN",BU,NE,POINT IN TIME,1964,FIRST OF DEC,286751000
795,CORN,NE,STOCKS,"ON FARM, GRAIN",BU,NE,POINT IN TIME,1963,FIRST OF MAR,252632000
796,CORN,NE,STOCKS,"ON FARM, GRAIN",BU,NE,POINT IN TIME,1963,FIRST OF JUN,216107000
797,CORN,NE,STOCKS,"ON FARM, GRAIN",BU,NE,POINT IN TIME,1963,FIRST OF SEP,140013000
798,CORN,NE,STOCKS,"ON FARM, GRAIN",BU,NE,POINT IN TIME,1963,FIRST OF DEC,364194000
799,CORN,NE,STOCKS,"ON FARM, GRAIN",BU,NE,POINT IN TIME,1962,FIRST OF MAR,236837000
800,CORN,NE,STOCKS,"ON FARM, GRAIN",BU,NE,POINT IN TIME,1962,FIRST OF JUN,203790000
801,CORN,NE,STOCKS,"ON FARM, GRAIN",BU,NE,POINT IN TIME,1962,FIRST OF SEP,132188000
802,CORN,NE,STOCKS,"ON FARM, GRAIN",BU,NE,POINT IN TIME,1962,FIRST OF DEC,350032000
803,CORN,NE,STOCKS,"ON FARM, GRAIN",BU,NE,POINT IN TIME,1961,FIRST OF MAR,253413000
804,CORN,NE,STOCKS,"ON FARM, GRAIN",BU,NE,POINT IN TIME,1961,FIRST OF JUN,210066000
805,CORN,NE,STOCKS,"ON FARM, GRAIN",BU,NE,POINT IN TIME,1961,FIRST OF SEP,123372000
806,CORN,NE,STOCKS,"ON FARM, GRAIN",BU,NE,POINT IN TIME,1961,FIRST OF DEC,319455000
807,CORN,NE,STOCKS,"ON FARM, GRAIN",BU,NE,POINT IN TIME,1960,FIRST OF MAR,225825000
808,CORN,NE,STOCKS,"ON FARM, GRAIN",BU,NE,POINT IN TIME,1960,FIRST OF JUN,184477000
809,CORN,NE,STOCKS,"ON FARM, GRAIN",BU,NE,POINT IN TIME,1960,FIRST OF SEP,66793000
810,CORN,NE,STOCKS,"ON FARM, GRAIN",BU,NE,POINT IN TIME,1960,FIRST OF DEC,330104000
811,CORN,NE,STOCKS,"ON FARM, GRAIN",BU,NE,POINT IN TIME,1959,FIRST OF MAR,190554000
812,CORN,NE,STOCKS,"ON FARM, GRAIN",BU,NE,POINT IN TIME,1959,FIRST OF JUN,140844000
813,CORN,NE,STOCKS,"ON FARM, GRAIN",BU,NE,POINT IN TIME,1959,FIRST OF SEP,55233000
814,CORN,NE,STOCKS,"ON FARM, GRAIN",BU,NE,POINT IN TIME,1959,FIRST OF DEC,302160000
815,CORN,NE,STOCKS,"ON FARM, GRAIN",BU,NE,POINT IN TIME,1958,FIRST OF MAR,151377000
816,CORN,NE,STOCKS,"ON FARM, GRAIN",BU,NE,POINT IN TIME,1958,FIRST OF JUN,109694000
817,CORN,NE,STOCKS,"ON FARM, GRAIN",BU,NE,POINT IN TIME,1958,FIRST OF SEP,37296000
818,CORN,NE,STOCKS,"ON FARM, GRAIN",BU,NE,POINT IN TIME,1958,FIRST OF DEC,243025000
819,CORN,NE,STOCKS,"ON FARM, GRAIN",BU,NE,POINT IN TIME,1957,FIRST OF MAR,55025000
820,CORN,NE,STOCKS,"ON FARM, GRAIN",BU,NE,POINT IN TIME,1957,FIRST OF JUN,43640000
821,CORN,NE,STOCKS,"ON FARM, GRAIN",BU,NE,POINT IN TIME,1957,FIRST OF SEP,18025000
822,CORN,NE,STOCKS,"ON FARM, GRAIN",BU,NE,POINT IN TIME,1957,FIRST OF DEC,199642000
823,CORN,NE,STOCKS,"ON FARM, GRAIN",BU,NE,POINT IN TIME,1956,FIRST OF MAR,59210000
824,CORN,NE,STOCKS,"ON FARM, GRAIN",BU,NE,POINT IN TIME,1956,FIRST OF JUN,44885000
825,CORN,NE,STOCKS,"ON FARM, GRAIN",BU,NE,POINT IN TIME,1956,FIRST OF SEP,18145000
826,CORN,NE,STOCKS,"ON FARM, GRAIN",BU,NE,POINT IN TIME,1956,FIRST OF DEC,80640000
827,CORN,NE,STOCKS,"ON FARM, GRAIN",BU,NE,POINT IN TIME,1955,FIRST OF MAR,107395000
828,CORN,NE,STOCKS,"ON FARM, GRAIN",BU,NE,POINT IN TIME,1955,FIRST OF JUN,77249000
829,CORN,NE,STOCKS,"ON FARM, GRAIN",BU,NE,POINT IN TIME,1955,FIRST OF SEP,33914000
830,CORN,NE,STOCKS,"ON FARM, GRAIN",BU,NE,POINT IN TIME,1955,FIRST OF DEC,87860000
831,CORN,NE,STOCKS,"ON FARM, GRAIN",BU,NE,POINT IN TIME,1954,FIRST OF MAR,107831000
832,CORN,NE,STOCKS,"ON FARM, GRAIN",BU,NE,POINT IN TIME,1954,FIRST OF JUN,78423000
833,CORN,NE,STOCKS,"ON FARM, GRAIN",BU,NE,POINT IN TIME,1954,FIRST OF SEP,29409000
834,CORN,NE,STOCKS,"ON FARM, GRAIN",BU,NE,POINT IN TIME,1954,FIRST OF DEC,162035000
835,CORN,NE,STOCKS,"ON FARM, GRAIN",BU,NE,POINT IN TIME,1953,FIRST OF MAR,129071000
836,CORN,NE,STOCKS,"ON FARM, GRAIN",BU,NE,POINT IN TIME,1953,FIRST OF JUN,96170000
837,CORN,NE,STOCKS,"ON FARM, GRAIN",BU,NE,POINT IN TIME,1953,FIRST OF SEP,32900000
838,CORN,NE,STOCKS,"ON FARM, GRAIN",BU,NE,POINT IN TIME,1953,FIRST OF DEC,156846000
839,CORN,NE,STOCKS,"ON FARM, GRAIN",BU,NE,POINT IN TIME,1952,FIRST OF MAR,71565000
840,CORN,NE,STOCKS,"ON FARM, GRAIN",BU,NE,POINT IN TIME,1952,FIRST OF JUN,43315000
841,CORN,NE,STOCKS,"ON FARM, GRAIN",BU,NE,POINT IN TIME,1952,FIRST OF SEP,12241000
842,CORN,NE,STOCKS,"ON FARM, GRAIN",BU,NE,POINT IN TIME,1952,FIRST OF DEC,189810000
843,CORN,NE,STOCKS,"ON FARM, GRAIN",BU,NE,POINT IN TIME,1951,FIRST OF MAR,120780000
844,CORN,NE,STOCKS,"ON FARM, GRAIN",BU,NE,POINT IN TIME,1951,FIRST OF JUN,84546000
845,CORN,NE,STOCKS,"ON FARM, GRAIN",BU,NE,POINT IN TIME,1951,FIRST OF SEP,45896000
846,CORN,NE,STOCKS,"ON FARM, GRAIN",BU,NE,POINT IN TIME,1951,FIRST OF DEC,143129000
847,CORN,NE,STOCKS,"ON FARM, GRAIN",BU,NE,POINT IN TIME,1950,FIRST OF MAR,127015000
848,CORN,NE,STOCKS,"ON FARM, GRAIN",BU,NE,POINT IN TIME,1950,FIRST OF JUN,99797000
849,CORN,NE,STOCKS,"ON FARM, GRAIN",BU,NE,POINT IN TIME,1950,FIRST OF SEP,61239000
850,CORN,NE,STOCKS,"ON FARM, GRAIN",BU,NE,POINT IN TIME,1950,FIRST OF DEC,210157000
851,CORN,NE,STOCKS,"ON FARM, GRAIN",BU,NE,POINT IN TIME,1949,FIRST OF DEC,190522000
